date,employment,employment_fulltime,unemployment_rate,avg_weekly_earnings,cpi_all_items,gdp_monthly,nhpi_house_only,usdcad,overnight_rate,bond_yield_10yr
2000-02-29,0.01757303541807093,0.07022906365083306,0.2466475578749105,-0.7608847282194774,1.1846128975923982,-0.16833176946682119,0.2973490262806729,,,
2000-03-31,0.06128597339399664,0.2237328166163236,0.0023490243607134195,-0.1869033598436317,1.447635029036209,0.6780336737016547,-0.19590094480873582,,,
2000-04-30,0.060200719693231146,-0.46034327161121047,-0.48624804266767857,0.7921876263440787,-1.2949263977135466,-0.2909823696890918,-0.19675356072771374,,,
2000-05-31,-0.026906213500823863,0.3125867956893188,-0.24194950915348365,-1.658296190768219,0.6214425069015587,0.406044141713007,0.29052800609035423,,,
2000-06-30,-0.051894101224972636,-0.17689546231785047,0.2466475578749105,-0.9269209634021235,1.1602305176751158,0.207922769952899,-0.6865811590423652,,,
2000-07-31,-0.10322289926894684,-0.1067703120160015,0.2466475578749083,-1.095071557997358,0.33958151524184377,0.05563373213950947,-0.19929372240222057,,,
2000-08-31,0.019606484302430446,-0.12681496545716534,0.4909460913891054,0.7224576955915669,-0.744081131033919,0.20752725153394178,0.2854739831253275,,,
2000-09-30,0.18475808879639866,-0.16353421759254408,-0.24194950915348148,2.1750966425498826,0.6077429417723422,0.014900292702280458,-0.20180767430642982,,,
2000-10-31,0.04297986083731762,0.4747410350364028,0.2466475578749083,-0.10901516637540225,0.06549620521541254,0.026288762214687605,-0.20263990387394168,,,
2000-11-30,0.14000032764553624,0.5577240013895222,-0.24194950915348148,-0.2704366580580739,0.33283845077342944,-0.09651273322974996,0.27881605813348764,,,
2000-12-31,0.23258662942113073,0.021458916202233235,-0.24194950915348365,-0.029211296841084693,-0.20519540143204545,0.09351588680228068,-0.20511953576662753,,,
2001-01-31,-0.321420480577548,-0.41783716606608573,0.2466475578749105,1.0081810177291894,-1.5477766844957719,-0.15916949758308155,-0.205940442598284,,,
2001-02-28,-0.2088297994232025,-0.09185587230650634,0.2466475578749083,0.28394098756874026,0.8689262134388747,-0.20033048147602908,-0.20675855485144923,,,0.10395667249780023
2001-03-31,-0.09450635776248568,-0.154666233737466,0.2466475578749083,-0.0346400322415278,0.3286805466006296,-0.10763729636904269,0.27062081976088653,,,-0.705179016690843
2001-04-30,0.12039563985672418,0.045674811413162826,0.0023490243607134195,0.43670009976771035,1.3884960955309875,-0.26181330105647,0.26738155137199104,,,1.715134978275051
2001-05-31,0.04765646365291518,-0.17557158506129933,-0.24194950915348148,-0.9019172615007333,1.63822924503527,0.26967041318628837,-0.2108076926823478,,,1.540172520807631
2001-06-30,-0.3069199527196049,-0.17117298720774043,0.4909460913891054,-1.2212605233163574,-0.2106324520829924,-0.25919472321821757,0.26256354875855353,,,-0.7319500490789614
2001-07-31,0.04690977173813743,-0.5005719249149587,-0.24194950915348365,-1.8674209373346928,-1.2624145329152727,-0.32723183218148844,-0.2132045374708865,,,0.5144041363549356
2001-08-31,-0.11400362741125646,0.6711401783259079,0.2466475578749105,0.04969582295239398,-0.47337787838479733,0.17068319640370427,-0.21399812815569413,,,-1.5196939320135445
2001-09-30,0.05031668705188599,-0.04401122887819792,0.0023490243607134195,2.2644030062041174,0.05291334984387048,-0.7362399397251403,0.2562147428507394,,,-1.2810590825607504
2001-10-31,-0.09991870940544474,-0.14701854931377845,0.2466475578749083,-0.2725293157523643,-1.7911150371096314,0.2952035833279813,-0.6865811590423652,,,-0.36573470415527404
2001-11-30,-0.030887958692167185,-0.5231733159425918,0.4909460913891054,0.27516796894634843,-2.8623195897828317,0.48835784265001453,0.2530720840149888,,,-0.2829723143080906
2001-12-31,-0.31383342506580675,-0.6067828101726759,1.468140225445887,0.35000937237987817,0.05940409923636683,-0.29359370086979464,-0.21792650096948205,,,1.3749618036427405
2002-01-31,0.2688281014119665,0.09741923958546195,-0.24194950915348148,0.7323271989133002,0.05831121236121443,0.9354885858053197,0.2483971836657346,,,-0.33614566835788046
2002-02-28,0.039111040950442336,0.26916224242456394,-0.24194950915348148,0.033817518924895845,1.1151766803602334,0.3838685716288292,1.1741233650172764,,,-0.0925477091623021
2002-03-31,0.44646058279841366,0.34756152942334595,0.0023490243607134195,0.03273137157701957,1.3677139677751642,-0.28472300610282864,0.23918555773753544,,,2.0380011347727236
2002-04-30,0.2170823072877195,0.09408404981067649,-0.48624804266767857,-0.1212815721168764,1.0943588013133092,0.5589726142724543,1.1558810332765321,,,-0.01005790188787485
2002-05-31,0.26790076083249786,0.3968464359549251,0.2466475578749083,-1.5807000272370177,0.04710089259212197,-0.017210401125626097,1.1439169087126104,,,-0.32425474742995475
2002-06-30,0.32253856060530395,0.4496949569247098,-0.48624804266767857,-0.7375761514553281,0.046057848264061306,-0.05519451362068496,-0.2308078796395518,,,-0.9552755024400544
2002-07-31,0.15965664956194742,0.41790832145504764,0.0023490243607134195,-1.908378883967917,1.0787126326915077,0.2302995230588311,-0.23154359146759101,,,-0.7335513070909672
2002-08-31,0.4683735640377449,0.10864187362274891,-0.4862480426676764,0.19610880762232183,0.5562097349705157,0.21432391786145644,0.6741409290852032,,,-0.9441167356689325
2002-09-30,-0.14265291911446487,-0.2847613967323122,0.4909460913891032,2.428459291589844,-0.47337787838479733,-0.411154582499274,-0.2344628393475447,,,-1.3197743672497242
2002-10-31,-0.030045293075751003,-0.5153459498665375,0.0023490243607134195,-0.5804678991819707,0.2961378006800394,0.4508768160819309,0.6654392355807002,,,1.4356153765553321
2002-11-30,0.21611793862712453,0.5547587434339988,-0.24194950915348148,0.10753724556530563,0.2938600005681398,-0.22161084076866228,1.106084417511138,,,-0.18002893789600946
2002-12-31,0.2824209612657168,0.25097229249988107,0.2466475578749083,-0.4273201950864809,-1.4968672273952595,-0.4865351050419743,0.20549462309189281,,,-0.6668238833721587
2003-01-31,0.009268095042677555,0.10685647488872108,-0.24194950915348148,1.0917292039621178,1.8238159543356316,0.3634476132640018,-0.24159967453244424,,,0.005441775275159704
2003-02-28,0.2796668425152142,0.1861650680209299,0.0023490243607134195,0.026131753754296553,1.5516194592295742,0.09624972006308329,1.0863536907426037,,,0.32830793177282735
2003-03-31,-0.07263537838101039,0.08017049839831393,-0.24194950915348148,-0.577159851049719,0.2819359368732043,-0.28107885916405784,-0.24508426080610657,,,-0.04758738654411495
2003-04-30,-0.2480312443992866,-0.09213141572599524,0.4909460913891032,-0.2755768754848035,-2.2392128209582736,-0.5161160532071454,0.19434365755095356,,,0.35477872828370066
2003-05-31,-0.2617261954263708,-0.31837914503269715,0.4909460913891054,-0.7285586271350318,-0.2203780136402693,0.13056460777974263,1.067052564093645,,,-2.157945367734081
2003-06-30,0.24256253929459573,-0.1271494551059644,-0.48624804266767857,-1.7189485351562952,-0.47337787838479733,0.13292344044820079,0.186161680178167,,,-2.17996266539908
2003-07-31,0.021150816147493198,0.3352760056900249,0.2466475578749105,-0.7334440101918536,-0.22062472246997147,0.36393260651794657,0.18346802515653216,,,2.3216990191175
2003-08-31,-0.19793468846345125,-0.6087172120129407,0.2466475578749083,0.41280333163439387,0.28340613616734867,-1.17194450756939,0.6134782331548599,,,1.302948648295504
2003-09-30,0.1239939179957052,-0.1409744730580777,0.2466475578749105,2.736501214620747,0.029920028977192602,1.1002208984185602,0.6075100741539257,,,-0.7989276693621372
2003-10-31,0.2578722729445881,0.9453887486606388,-0.7305465761818756,-0.35100397475591977,-1.2286916936428085,0.2806003574463797,0.6015964606851095,,,0.37529484656244905
2003-11-30,0.21563642234153838,0.17138364697573444,-0.4862480426676764,-0.35100397475591977,0.2819359368732043,-0.0628008224619479,1.4473859725927911,,,0.27748115813206614
2003-12-31,0.1695707317552098,0.21879634630972897,-0.24194950915348365,0.09500192423350853,-0.2220949301032469,0.26296583832866066,0.162502952481352,,,-0.700313351925759
2004-01-31,-0.14022185064521153,0.2323738674383639,0.0023490243607134195,0.9783016573607062,-0.22233830345685254,0.009067002960588126,0.1599531465064977,,,-0.7873685880880151
2004-02-29,-0.07975713403355887,0.11657894163247821,0.0023490243607134195,-0.1307111753594034,0.027973033921929458,-0.2391655353835956,0.15741860886521403,,,-0.7401690062186816
2004-03-31,-0.0643245240306021,0.23461001270970902,0.0023490243607134195,-0.424395254783179,0.526424097423734,0.746123621407879,0.5746992981340853,,,-1.065989113892708
2004-04-30,0.1950968764859642,0.25109107262628977,-0.24194950915348148,-0.05767626022117052,0.025080623024478072,0.09072830376400448,1.4030926940732331,,,2.0751194268144766
2004-05-31,-0.0029723819892768467,-0.19011116378789078,-0.24194950915348365,-1.0855132866466697,1.7578985189314629,-0.073365112517704,1.3877159995852437,,,0.9638322249416789
2004-06-30,0.030420474861755285,0.06477744306035983,0.2466475578749105,-0.8675318148476834,-0.2266397913551298,0.33073949365466476,1.3725639493795132,,,0.961430337923683
2004-07-31,-0.03470806973404256,-0.4439854419571704,-0.24194950915348365,-1.83770378566073,-0.7201159654144998,-0.07826375114971851,-0.2765509603473452,,,-1.0177996238773612
2004-08-31,-0.07594539689571118,0.05556087381702508,-0.24194950915348148,-0.12695996423816805,-0.9675598028233374,0.26561740536142314,0.5399430902014931,,,-0.6497604776817842
2004-09-30,0.10309821631399886,0.40223122772827935,-0.24194950915348148,2.3822701983442958,0.020804046053749654,0.11673044816181244,0.1281468991304373,,,-0.1268496581381072
2004-10-31,-0.05590761663658164,-0.12393816169172485,0.4909460913891032,-0.20481326932735172,0.019863642204085617,-0.14085590315948818,0.1257989763997996,,,-0.2644577685443431
2004-11-30,-0.00034895969433429517,-0.2549362707283693,0.2466475578749105,0.37760089306776234,0.5102982200779654,0.2151432175580576,0.5276161750155043,,,-0.3387661481637006
2004-12-31,-0.029657681916829916,-0.023888951450827225,-0.24194950915348365,-0.1331817498735033,-0.9647492878207408,-0.15394000982338668,-0.28300813105405653,,,-0.9112158874536279
2005-01-31,-0.05264243795828668,0.11596556458548642,-0.4862480426676764,1.6653495096403286,-0.7194133414255418,0.3294724523527187,0.11883570858117941,,,-0.3083547557639252
2005-02-28,-0.03952415085342301,-0.01710093547691288,0.2466475578749083,-0.6372300656278166,0.5093658234369164,-0.10411809928093875,0.11654107052209756,,,-0.28248443100755727
2005-03-31,-0.1345368363768025,-0.236099888497675,-0.24194950915348148,0.1494969326506637,0.993786458851551,-0.5291680719434932,0.5138282286734481,,,0.9236006173901876
2005-04-30,0.04834480869353191,0.2014559217145463,-0.48624804266767857,-0.06582853103031133,0.25710172445129614,0.5901486395472142,0.9060542179754695,,,-0.9117162805823782
2005-05-31,-0.09992615472359136,-0.4094691458871234,0.7352446249033003,-1.926923381583113,-0.23034144158980221,0.2691304751841972,0.5020181222278707,,,-0.6552648020980365
2005-06-30,0.04317317612170873,0.5930721684379436,-0.48624804266767857,-0.2069813522316655,0.01201241487212633,0.13578017361727546,1.675687233740192,,,-1.381335231914186
2005-07-31,0.14839551798605402,-0.00173288338811007,-0.24194950915348148,-1.2898897555470272,0.011105142767109711,0.09293922462378419,-0.29478719478904414,,,0.4504664043289064
2005-08-31,0.1751931802111336,0.24862152628575046,0.0023490243607134195,0.5158895655661103,0.49287987007812584,0.2177976643241718,0.48554407191185533,,,0.1593877213350733
2005-09-30,-0.22938923368057124,-0.108123391868286,0.0023490243607134195,2.640320673887158,1.6876212695798036,-0.08736860296595014,0.8687094725704725,,,-0.2615805080540281
2005-10-31,0.14100774321575474,-0.35339872391580374,0.0023490243607134195,-0.13983539549435942,-1.671707987167913,0.1755708329738058,1.2455423191738986,,,1.0695152537336667
2005-11-30,0.07187170825188367,0.4305037894612196,-0.9748451096960705,0.49040568108815896,-0.9542654761591627,0.39342570149006884,0.8496390564959747,,,0.38587816123550955
2005-12-31,-0.1913560056764256,0.06495534630792239,0.7352446249033003,-0.35100397475591977,-0.7141566610050359,0.37452510498209146,1.2219956096601814,,,-0.3439952563591416
2006-01-31,0.0661423442851854,-0.09015326706661642,0.2466475578749105,2.1424252317163384,0.967951178631394,0.08243820920947359,1.586783677310863,,,-0.030799197074556944
2006-02-28,0.08286767758665393,-0.15291147994615695,-0.24194950915348365,0.12856386974353642,-0.9529309122206762,0.05427229714119457,1.1939842669807827,,,0.8529200879542602
2006-03-31,0.24522326606039518,0.3802997702368575,-0.24194950915348148,0.8066663457647343,0.9626276829934861,0.0624553753133119,2.2964700841165344,,,0.2091534497059796
2006-04-30,0.11569905405743312,0.4644571268142844,0.0023490243607134195,0.3254021117276351,0.954715766482115,-0.15181476263750007,2.632046321074054,,,1.2879569503126695
2006-05-31,0.32296052954710486,0.5853579338258639,-0.7305465761818735,-1.4348749305108548,0.710718931243601,-0.12491809532449147,2.5934318088090547,,,-0.05560289437228295
2006-06-30,-0.25149299732488906,-0.6857820575789366,0.2466475578749083,-0.6914933662127133,-0.9463676827248063,-0.34370557596523826,3.628233365112803,,,0.27996995553558784
2006-07-31,-0.07690767043713828,0.04520145047147613,0.4909460913891054,-0.6923482237289863,-0.2367750861897017,0.016295626685072753,2.1537019312030212,,,0.0535170451198047
2006-08-31,-0.1621851639186561,0.25543155692487,0.0023490243607134195,0.8738452370501504,-0.0008192409239741288,-0.09819732171736706,3.5208956343910445,,,-1.0671884256849786
2006-09-30,0.08803429639875958,0.017390541657600858,0.0023490243607134195,1.999514932668039,-1.8936463133290549,-0.325378627440566,0.702070476214742,,,-1.026056110501737
2006-10-31,0.0012738311003924372,-0.10620348562810929,-0.48624804266767857,0.5117987541082417,-0.9485353732319227,-0.00989506492758986,0.005187806278641907,,,0.2584530509993391
2006-11-30,-0.13037724683666657,-0.5157740435727584,0.4909460913891054,0.04537339915276454,0.0017796164623154434,0.054456541331440234,0.6918847266552314,,,-0.5809564224786714
2006-12-31,0.2878456985174253,0.2724719623575223,-0.48624804266767857,-0.7473813486646183,0.0009101603594019759,0.47584411949916317,-0.6865811590423652,,,-0.15364702700668925
2007-01-31,0.30837687570118416,0.17884459879867942,0.2466475578749105,0.6377810595335447,-0.47337787838479733,-0.39673877130197194,0.3428626334746457,,,0.9370124700647106
2007-02-28,0.012815678143466942,0.1374133845641507,-0.24194950915348365,-0.35100397475591977,1.4151429777069577,0.32783178238675953,0.6801886064524554,,,0.013322967052963965
2007-03-31,0.059370323824999946,-0.1649022676175966,0.0023490243607134195,-0.02300057573867977,1.6348895674531798,0.043400109860337974,0.3341648394347304,,,-0.3754824939857286
2007-04-30,-0.17177340625306906,-0.18470882642441283,0.0023490243607134195,0.04155840466427882,0.6905142472343974,-0.03814149466641309,1.6808832460278489,,,0.7641378370858023
2007-05-31,0.02644615951478912,0.43889318192085197,-0.24194950915348148,-0.41635237445142853,0.6853113146874769,0.2851319616672611,2.3283749805234093,,,0.7389180233968071
2007-06-30,0.17662283282881006,0.654003835874022,-0.24194950915348365,-0.35100397475591977,-0.9362321814718622,0.12843611770361366,0.974565144027978,,,1.888483667902243
2007-07-31,0.3209236088244997,0.22370897638546666,-0.24194950915348148,-0.6782179544806092,-0.2418474111348846,-0.18061835488679082,1.9510587806400634,,,-0.09382371164061384
2007-08-31,0.010610381287339295,-0.2283536478591597,0.0023490243607134195,0.8232989941770079,-1.168590653283077,0.14730963928302696,0.6230412285021846,,,-0.8943276193583147
2007-09-30,-0.006746499439260505,-0.2665497533219051,0.0023490243607134195,2.541130811612292,-0.009695570736417983,-0.32880011715756624,-0.03404449752062969,,,-0.3796996229194722
2007-10-31,0.18304172483022077,-0.038637266697771,0.0023490243607134195,-0.2238816251961637,-1.1692127683699802,-0.04323271615374746,-0.3608783938638845,,,0.07533550235732858
2007-11-30,0.00856402244501858,-0.006511064297694525,0.2466475578749083,-0.16054303823912347,0.22245701160035578,-0.043761338172211804,0.6124797201016229,,,-1.356315575476696
2007-12-31,-0.11524247342713162,-0.05644189668808258,0.2466475578749105,-0.5414649112726986,-0.2418474111348846,-0.5334467092367907,-0.362749174087981,,,-0.5722653839266945
2008-01-31,0.03465548660399863,0.3679707055929557,-0.24194950915348365,0.7877798692694985,-0.9366458137769983,0.29923025907575257,0.9270220556449719,,,-0.930415181709349
2008-02-29,0.10130708782550937,-0.004472773076492104,0.0023490243607134195,-0.2250592293446015,0.4523314657602159,-0.3241328148134043,0.2771658032627034,,,-0.07836156396223748
2008-03-31,-0.10022159106050907,-0.25704497422482303,0.2466475578749105,-0.6030102432915108,0.44903711949121633,0.04833398125011505,-0.04590881076574743,,,-1.8053933888733167
2008-04-30,-0.13234367089007243,-0.04239210517528028,0.0023490243607134195,0.4663143055470856,1.5901315320867837,0.07680986933350299,-0.6865811590423652,,,0.7297232996560227
2008-05-31,-0.032098599062750054,-0.15894198239768773,0.0023490243607134195,-0.28833638067609624,2.026581658683286,-0.14454882514059902,-0.6865811590423652,,,-0.003377653619060826
2008-06-30,-0.06883351718798711,-0.28132465929428996,-0.24194950915348365,-0.4763680619685098,1.3297482861059338,0.0622874826181585,-0.36679018668395513,,,0.8391592769136346
2008-07-31,-0.23056688641021625,-0.20073421009309575,0.2466475578749105,-1.1687003828436016,0.4235030886326227,0.30511749815165473,-0.6865811590423652,,,-0.0168882680953088
2008-08-31,0.01627499042261701,0.09161193356838282,0.0023490243607134195,0.21561693640113194,-0.9214304374062838,-0.22824649239913444,-0.6865811590423652,,,-0.8804041805508498
2008-09-30,0.01412168581781978,-0.8417857464860589,0.2466475578749083,3.0612918899145676,-0.2492547854308735,-0.12470712378417856,-0.36715255613534226,,,-0.25386194404305806
2008-10-31,0.16392413347890095,0.21209026447330204,0.2466475578749105,-0.16731917813859143,-3.175730844840414,-0.26360791697546576,-1.9664730825844101,,,0.7736077770473956
2008-11-30,-0.704038096276805,-0.47830718846899256,0.7352446249033003,0.6244789038047504,-1.3804596120131207,-1.2032738989206089,-1.3287128988946548,,,-0.5200401431734826
2008-12-31,-0.19852433136280076,-0.47907236657576646,0.7352446249033003,0.013005193021487393,-2.2971204302602786,-1.5892502526390397,-1.3301789543674396,,,-3.5789301709815864
2009-01-31,-1.1020692516990054,-1.3426055225539806,1.2238416919316923,1.0354052405529472,-1.1606032235668156,-0.6560976568875605,-2.3020337858117585,,,-0.7323253439255254
2009-02-28,-0.410421858567221,-1.0402000166992098,1.468140225445887,-1.374376010540864,1.35518942920378,-0.7027356771029543,-2.637424321392117,,,0.8944922223611951
2009-03-31,-0.3028591667518215,-0.6381077300132195,0.7352446249033024,0.1917406300464197,-0.018244590500624356,-1.010598764667358,-1.9946842576190875,,,-0.39297320907157435
2009-04-30,-0.3004672841592905,-0.4750247283035742,0.0023490243607134195,-0.23068773420556452,-0.7008446247530451,-0.5064629383177136,-2.3302925910985555,,,0.4334655477796263
2009-05-31,-0.06456939803244535,-0.32177579445690024,0.7352446249032981,-1.2559818642731833,1.3407911434040674,-0.2820945659267859,-1.0164767050629566,,-0.07060391761396519,1.4699548550158033
2009-06-30,-0.31660119580459656,-0.6987429199511932,0.24664755787491266,-0.8968963372053509,0.4289671264150303,-0.057207250462779156,-1.3475327206949328,,-0.07060391761396519,1.5241474308594152
2009-07-31,-0.19629538097998447,0.31182324513341514,0.0023490243607134195,-1.0822868294338819,-1.3757228831846235,-0.015414866234127324,-0.025629597389819996,,-0.07060391761396519,-0.1351061447624805
2009-08-31,-0.1310432858763813,-0.6107080298684712,-0.24194950915348581,0.44104193923467633,-0.47337787838479733,-0.23175106970316353,-0.3566856130217952,,-0.07060391761396519,0.24292835417987343
2009-09-30,0.14302937262975746,0.5824420009052722,-0.4862480426676764,2.7124454851577617,-0.47337787838479733,0.5840156809518501,0.6291538405515122,,-0.07060391761396519,-0.5326559757260824
2009-10-31,-0.06727656244542916,0.3906997400744953,0.2466475578749083,0.2416619286659102,-0.6994558175772253,-0.08845715548195314,-0.031009440551605164,,-0.07060391761396519,0.38230035036494686
2009-11-30,0.3427322916207259,0.2775759121148416,0.0023490243607134195,-1.0030788120262863,0.8801413375499395,0.40374687429935974,0.29392665350592057,,-0.07060391761396519,-0.15093107745920142
2009-12-31,-0.3110345693868174,-0.45248063040529496,0.0023490243607134195,0.3010708625144414,-1.3749382337715612,0.09139976722157814,0.29052800609035423,,-0.07060391761396519,0.1752001442035697
2010-01-31,0.05226369225172661,0.18407532764952544,-0.4862480426676764,0.6506364517980894,0.20308620505951702,0.42652526067788543,0.6109848231290533,,-0.07060391761396519,0.4359675134233825
2010-02-28,-0.17667085092628845,0.08045037954162747,0.0023490243607134195,-0.5860210478819576,0.65015375010954,0.33500787277928784,-0.6865811590423652,,-0.07060391761396519,-0.3160970226073116
2010-03-31,0.1583123465166174,-0.09769078992366184,-0.24194950915348148,-0.11598690162988916,-0.47337787838479733,0.3040386059638245,0.28268871934229584,,-0.07060391761396519,0.4240677182466022
2010-04-30,0.3094720767059012,-0.220228360629336,-0.24194950915348581,-0.5860210478819576,0.4219540683353735,-0.31468588910240863,-0.04224782273970983,,-0.07060391761396519,1.0760845452652361
2010-05-31,-0.010182456443869716,0.4603556442615737,0.0023490243607134195,-1.2359540048861517,0.19609733026472903,0.2742142954141277,0.2771658032627034,,-0.07060391761396519,-1.2592267986709873
2010-06-30,0.37917013416626777,0.22029862126355496,-0.4862480426676764,-0.8847521353240266,-0.6963442068449116,0.09293270950991409,-0.3660629756750329,,1.7121450021386555,-0.8157784079727973
2010-07-31,-0.05264414962088627,-1.1852127884484178,0.4909460913891032,-1.2452672927929318,0.8615521496872626,-0.024247293251596757,-1.007099342409704,,0.6587024586484708,-0.6118556981789776
2010-08-31,0.0366630145932894,0.5519888564831351,0.0023490243607134195,-0.11195803546083166,-0.69538931881158,0.14426001784861953,-0.3660629756750329,,0.9828386258762196,-1.3240402186723204
2010-09-30,-0.1545042844669821,-0.004639448160347916,0.0023490243607134195,2.368233527892079,-0.029544994508122008,-0.17651846550590472,-0.3664269941331046,,1.3069747931039695,-0.3552791214124498
2010-10-31,-0.22236881776003412,-0.0411240606192068,-0.24194950915348148,-0.29248994632999725,0.6328907273256983,0.3706674532088204,-0.36679018668395513,,0.334566291420721,-0.6288440449000409
2010-11-30,0.16359822081401262,0.10970665849715304,-0.4862480426676764,0.6399006603459972,-0.2526896225227872,0.32675062332684157,-0.048085502375064815,,-0.07060391761396519,1.5200442072036684
2010-12-31,0.05174514377068404,0.38457124490213834,-0.24194950915348365,-0.6416975705308436,-0.47337787838479733,0.5610500776377759,-0.6865811590423652,,-0.07060391761396519,1.0923582000610998
2011-01-31,0.32233404251389425,0.010698993406690368,0.0023490243607134195,0.9234244215517566,0.18756172543463115,0.18094451066803743,-0.04952843164236174,,-0.07060391761396519,0.31707410603239666
2011-02-28,-0.21066714979098852,-0.37250154228310256,0.0023490243607134195,-0.23573703868740345,0.18588065637822893,-0.3475216547743916,0.5832214921086505,,-0.07060391761396519,0.9882540432727263
2011-03-31,-0.1375025372755812,0.5292663434575609,0.0023490243607134195,0.10908899546059754,2.3641901922693536,0.15611745036204422,-0.6865811590423652,,-0.07060391761396519,-0.8335444537858929
2011-04-30,0.18270460630005161,0.34307002179138074,0.0023490243607134195,-0.4658813309349264,0.39350701278081673,-0.15328699200631662,-0.05381835261320136,,-0.07060391761396519,0.39359618134090557
2011-05-31,-0.3547493828828994,-0.7551697716807624,-0.24194950915348148,-1.3892916569634444,1.2517422391516322,-0.3978971264857664,0.5746992981340853,,-0.07060391761396519,-0.9794695102151181
2011-06-30,0.07267636623485513,-0.14631202989910824,0.0023490243607134195,-0.9312752053747364,-2.198497995921226,0.27940424623630844,-0.05805088326526437,,-0.07060391761396519,-0.9105903960426889
2011-07-31,0.11228313982536718,0.5745218719455886,-0.7305465761818735,-1.5190295689869566,-0.04102024543834391,0.5307009172780589,-0.3728407683903768,,-0.07060391761396519,-0.2462309488296212
2011-08-31,-0.04660169738961867,0.05540533287694456,0.0023490243607134195,0.4093531192793425,0.1738093263942902,0.33952157277678213,-0.37318956267095754,,-0.07060391761396519,-2.806042038262777
2011-09-30,-0.11362970485013586,-0.0875636713956558,0.2466475578749083,1.9622350351421538,0.17219740142607118,0.10088703345038291,-0.3735375822831907,,-0.07060391761396519,-1.4048537089654332
2011-10-31,-0.2205860962576287,-0.3316452957080081,0.0023490243607134195,0.1069580345067824,-0.04388591457804826,-0.18945674651533914,-0.061534978565851405,,-0.07060391761396519,0.6123811109641677
2011-11-30,-0.23743404291253192,-0.2622834397175353,0.2466475578749083,0.2192877295066584,-0.25889847777141667,-0.058374804692105674,0.2483971836657346,,-0.07060391761396519,-0.9651582667328699
2011-12-31,-0.02203123774535071,0.24434389861152478,-0.24194950915348148,-0.06675268378032054,-1.9784740908396967,0.32700528981917565,-0.3756095754908391,,-0.07060391761396519,-0.7152619382351546
2012-01-31,-0.053695950778647514,-0.2774786582322975,0.4909460913891054,0.4417524576470677,0.6025819101309988,-0.25469469081689494,-0.37595224397187216,,-0.07060391761396519,-0.03107441329536956
2012-02-29,-0.2921786652594452,-0.3248811160793681,-0.24194950915348365,-0.4074763921614199,0.5981339446102139,-0.4311844875297388,-0.06634831938779233,,-0.07060391761396519,0.27524124046889964
2012-03-31,0.4718000422220964,0.6773922573338247,-0.4862480426676764,-0.06887616455368108,0.593722603086497,0.1011188539379325,0.24121686522264163,,-0.07060391761396519,0.5342697435663035
2012-04-30,0.36640413568842733,0.15443521174740962,0.0023490243607134195,-0.23831657257408947,0.5893474350776611,0.196808568009415,-0.06974128074436019,,-0.07060391761396519,-0.2062995771553801
2012-05-31,-0.15593037846422203,-0.026900167854482335,0.4909460913891032,-0.6893467697344838,-0.6855746490177597,0.0024615815883701877,-0.07108809377698815,,-0.07060391761396519,-0.7837282280763618
2012-06-30,-0.11440585175138548,0.10855992799084535,-0.4862480426676764,-0.4074763921614199,-1.5369753529425083,-0.11147267951156913,-0.07242903833627938,,-0.07060391761396519,-0.9711379646214284
2012-07-31,0.029848609736363642,0.26605052841581145,-0.24194950915348365,-1.2577674389859739,-0.6866221033715478,0.038893740976736736,-0.3800061294754293,,-0.07060391761396519,-0.4901350696105596
2012-08-31,0.163938520160319,0.20780301123994807,0.2466475578749105,0.7815085541249165,0.1658292047560167,-0.30313759891742204,-0.38033918226186286,,-0.07060391761396519,1.0244298328332972
2012-09-30,0.17775513169983428,0.33637741471156124,0.0023490243607134195,1.6084728101077044,-0.048113893158392575,-0.18118351017616838,-0.0750934747935218,,-0.07060391761396519,0.10229747422878617
2012-10-31,-0.07519418235381943,0.09418429500500365,0.0023490243607134195,0.03752513254118136,-0.04881047657456014,-0.21639304095886153,-0.07641704224426327,,-0.07060391761396519,-0.11243043508597175
2012-11-30,0.00017706305023618984,-0.06459537915756294,0.0023490243607134195,-0.5728846326499584,-1.1104900570508625,0.3218969957612331,-0.3819936503144181,,-0.07060391761396519,-0.38780467478119673
2012-12-31,0.1587047132106872,-0.023209443771919414,-0.24194950915348365,-0.35100397475591977,-1.9660914946524375,-0.18298662409093253,-0.3823224010622641,,-0.07060391761396519,0.2105074883209588
2013-01-31,-0.18598455236822514,-0.6392093396295526,-0.48624804266767857,0.47918795724053687,-0.2596060387610161,0.4185454942828525,-0.38265044291344363,,-0.07060391761396519,0.9830552220298163
2013-02-28,0.345177462529668,0.37317940143609835,0.0023490243607134195,-0.2958376753790154,2.5010619527692346,0.1286420508357031,-0.07970102819367639,,-0.07060391761396519,0.24941305408126582
2013-03-31,-0.5446391062968687,-0.6040720189169024,0.4909460913891054,0.364128347064491,-0.0512306501334181,0.17729045827249076,-0.6865811590423652,,-0.07060391761396519,-0.6344280371696815
2013-04-30,0.06465040310818013,0.3173151593098425,-0.24194950915348148,0.3603864421672553,-0.8955251066361635,0.0025320740974470934,-0.08100474591254239,,-0.07060391761396519,-0.556224492090207
2013-05-31,0.19202464454153148,0.34284139890924586,-0.24194950915348365,-1.5570850876633635,0.1595854174878575,0.1055100849644161,-0.08230287426715206,,-0.07060391761396519,0.9236006173901864
2013-06-30,-0.19578955536860113,-0.7510689534486309,0.2466475578749105,-1.4012997107825782,-0.47337787838479733,-0.5533893499030085,-0.3849270779273264,,-0.07060391761396519,2.018823568113383
2013-07-31,-0.3318874678826002,-0.14289983344758547,0.2466475578749083,-0.9070675022540151,-0.262733136314796,0.42234511447096795,-0.38524953024011904,,-0.07060391761396519,1.1576720131911857
2013-08-31,0.04470555836251553,-0.23240216994983665,0.0023490243607134195,-0.017093017843706614,-0.47337787838479733,0.2814931389647152,-0.3855712939198575,,-0.07060391761396519,1.039566724977986
2013-09-30,-0.24559859953262791,-0.15702872141763607,-0.48624804266767857,1.9090322792997103,-0.05260125862037277,0.1807086778992839,-0.38589237117025,,-0.07060391761396519,0.5386231637864253
2013-10-31,-0.1001437050698497,0.009674886364840339,0.4909460913891054,0.08563178535968058,-1.1047992402192461,0.3898310331050046,-0.6865811590423652,,-0.07060391761396519,-1.0009864147513643
2013-11-30,0.03890467703878576,-0.09680416399499085,-0.48624804266767857,0.3555518662284451,-0.47337787838479733,0.0862949651608582,-0.3862127641854532,,-0.07060391761396519,0.271300644579995
2013-12-31,-0.2713226856743423,-0.48860397495384095,0.7352446249033024,-0.45946616076282853,-1.1063411742574354,-0.5967947889527531,-0.6865811590423652,,-0.07060391761396519,0.7029272476114656
2014-01-31,-0.14611884743063136,-0.04201577874255632,-0.24194950915348365,-0.02587665452968307,0.3702301595578644,-0.1209158721064161,-0.08680282234892443,,-0.07060391761396519,-0.7674404317355502
2014-02-28,-0.15367890431588338,0.04165241679608292,0.0023490243607134195,-0.18873141566803514,1.623707516035328,0.34731995823801054,0.21070037912666387,,-0.07060391761396519,-0.6211129710608514
2014-03-31,0.10053439790904335,-0.3764424271764927,-0.48624804266767857,-0.18892486601280326,0.9845515467569538,0.10115695367134131,-0.3881208750451571,,-0.07060391761396519,0.23643575333434008
2014-04-30,-0.18192901872692888,-0.2928094112768056,0.0023490243607134195,-0.29702051446794453,0.35605752012578623,0.035488317211489644,-0.09060691612217468,,-0.07060391761396519,-0.016763169813119965
2014-05-31,-0.15238832837104008,-0.3978080636360125,0.4909460913891054,-1.4347669310653703,0.7658197370252917,0.47906244935271397,-0.3890658682044828,,-0.07060391761396519,-0.7103080462605315
2014-06-30,0.07572739869367996,0.531115102222307,-0.24194950915348148,-0.5143161180551238,-0.26741971033596057,0.30035791014012725,-0.3893795375201579,,-0.07060391761396519,-0.05804560293499178
2014-07-31,0.19183772610764535,-0.30943676960158734,-0.24194950915348365,-1.2801633018081848,-0.8854579983311519,-0.02827378354704661,-0.6865811590423652,,-0.07060391761396519,-0.5629422698436715
2014-08-31,-0.4325048782563908,-0.4434912297934788,-0.24194950915348148,0.4146468022831909,-0.47337787838479733,-0.3904987049393382,0.20314828625549136,,-0.07060391761396519,-0.727771766453901
2014-09-30,0.07217653947266123,0.4997920303673842,0.0023490243607134195,2.50908926260394,-0.2672559264872939,0.24217501291225182,-0.3906276285490083,,-0.07060391761396519,0.7257701939388985
2014-10-31,0.0336528741939378,-0.06507120916303442,-0.48624804266767857,-0.5647734259487766,-0.26741971033596057,0.12515988229643407,-0.39093801510880943,,-0.07060391761396519,-0.9471190944414337
2014-11-30,-0.11598919720118317,-0.4227644062248434,0.0023490243607134195,-0.0838446375641566,-1.5048091672183124,-0.10451616015821073,-0.39124775130373846,,-0.07060391761396519,-0.003891214988040359
2014-12-31,0.10207574135401934,0.6488639871481506,-0.24194950915348148,-0.19095999753537007,-2.3403607943044986,-0.013226289267300871,-0.6865811590423652,,-0.07060391761396519,-0.8358935533365318
2015-01-31,-0.18407322973334253,-0.08698429625687276,0.2466475578749083,0.44640208207080956,-0.8900955579378245,-0.6055525347537998,-0.6865811590423652,,-0.7188762520694638,-1.846951038216
2015-02-28,-0.042354392634074485,0.0016123372454994176,0.2466475578749105,-0.5101114744231469,1.8103227170879168,-0.3128172859653819,-0.39155683917575224,,-1.2050805029110874,-0.8069234248299548
2015-03-31,0.03735994028886954,0.01167007837739645,0.0023490243607134195,-0.1389019926601341,1.3802534364360826,-0.2326723881807661,-0.39186528075819244,,-0.07060391761396519,0.2803847551028398
2015-04-30,-0.3467993201713328,-0.22039658797949616,0.2466475578749083,0.49411043531315413,-0.6786835056348076,-0.20469204912607283,-0.6865811590423652,,-0.07060391761396519,-0.021892199382808338
2015-05-31,0.021224746599753846,0.014327181490404172,-0.24194950915348148,-1.0901913495102225,0.9603582039101196,-0.22907201338603247,-0.09807215217962996,,-0.07060391761396519,1.9631423227117333
2015-06-30,-0.1740274222801434,0.3872693205063985,0.0023490243607134195,-0.1922680046528528,0.13866099123585285,0.11043991212912213,-0.09929821349847323,,-0.07060391761396519,0.24634353728358913
2015-07-31,0.035402382151969766,0.02174244307511733,0.2466475578749083,-0.45680735982243637,-0.269685655051989,0.08960242059813767,-0.3933978649055958,,-1.0782446113871855,-1.1780505233595262
2015-08-31,0.02955899056013447,0.006709618837352039,0.2466475578749083,-0.24520058968939842,-0.47337787838479733,0.04987083615584545,0.19114361411655797,,-0.8457121435933658,-0.9907408654402096
2015-09-30,-0.12291502281265837,-0.639628321435203,0.0023490243607134195,1.852056730547566,-0.880922523433708,-0.5997014010981196,-0.39461250331749226,,-0.07060391761396519,0.558025907353705
2015-10-31,-0.07504803625079753,0.08863063185291432,-0.24194950915348148,-0.03917506982612481,-0.2695254566686707,-0.07140072736741916,-0.10354948915547972,,-0.07060391761396519,-0.06630208955936512
2015-11-30,-0.2952026079771788,0.07893345793019502,0.2466475578749083,0.11540246189694779,-0.6772303001009008,0.07668878557457899,-0.3955168978688731,,-0.07060391761396519,1.0217652394227057
2015-12-31,-0.16274901794820593,-0.6795278397455257,0.4909460913891054,-0.5062950743906676,-1.6998707387247824,-0.05296801643098154,-0.3958171189239326,,-0.07060391761396519,-0.9672223883889638
2016-01-31,-0.10423008479385687,-0.1681815985741747,-0.24194950915348148,0.42368383605769416,0.14059400170904895,0.45851157205130516,-0.3961167212851696,,-0.07060391761396519,-1.1264349721289715
2016-02-29,-0.022118711237285024,-0.2944944324670849,0.2466475578749083,-0.145163900691897,0.13914310186135376,-0.4817174814969267,-0.10654862538159257,,-0.07060391761396519,-0.7332886006983701
2016-03-31,-0.10674858772618266,0.03330823724768985,-0.24194950915348148,0.008467962947515529,1.15296998816791,-0.5631086995015333,-0.1077396581160379,,-0.07060391761396519,0.868694981338101
2016-04-30,0.03674543062763585,-0.3687651754647322,0.2466475578749083,-0.14601736532606419,0.335985279956764,0.05652198328097686,-0.10892580956368772,,-0.07060391761396519,0.4313388769824418
2016-05-31,0.04145364898500921,0.3503430016437862,-0.48624804266767857,-2.1033215074864478,0.5347849673012033,-0.7661010613400583,1.612275307118296,,-0.07060391761396519,0.11809277838498468
2016-06-30,-0.0863766483266467,-0.3451188167957998,-0.24194950915348148,-0.8186582048297883,0.129642961696219,0.32292157304696495,-0.40053779416174423,,-0.07060391761396519,-1.0125454960254878
2016-07-31,-0.200414563156167,-0.4094554408191313,0.0023490243607134195,-0.6636695237086937,-0.875235851673564,0.43845343793810526,0.4546985856936752,,-0.07060391761396519,-0.6389770057572262
2016-08-31,0.18537138438721315,0.38338858455855546,-0.24194950915348148,-0.038338425803144324,-0.875859854988308,0.0686174178597493,-0.4019817286069439,,-0.07060391761396519,-0.009532489102685844
2016-09-30,0.10615595841169181,-0.2051606360692574,0.2466475578749083,1.7152568129993397,-0.27205876857349565,0.0927719296809337,-0.11824283769314073,,-0.07060391761396519,0.28947742498183543
2016-10-31,-0.015072219138397508,-0.4850513840481013,-0.24194950915348148,-0.04375561134062513,0.129642961696219,-0.2272286195643178,0.4466694602584989,,-0.07060391761396519,0.5024322307495874
2016-11-30,0.022356535959800975,0.034852319988789265,-0.24194950915348365,-0.04444839290554968,-1.4791934240036897,0.2169072817692923,-0.12165970364252489,,-0.07060391761396519,1.6052236275451262
2016-12-31,0.0418124724391541,0.2776431755901136,0.2466475578749105,-0.5041953633003793,-0.8767995020051648,0.11942317048933132,-0.40454440524845975,,-0.07060391761396519,1.7396667514120139
2017-01-31,0.2897524405962068,0.057003070959149284,0.0023490243607134195,-0.04479361344740915,1.7377109461300742,0.3140520870206306,-0.4048263011013033,,-0.07060391761396519,-0.01731360225474648
2017-02-28,0.13926326950144444,0.6499451804920854,-0.7305465761818756,0.10702231902046895,-0.07338035941620975,0.21350185068137462,0.4376305479128212,-0.4597825055047531,-0.07060391761396519,-0.07890409545972563
2017-03-31,0.021580569935501864,-0.08651291391010464,0.2466475578749105,-0.09721009305135646,-0.07399668865708048,0.26893974613812405,-0.126152123754107,1.3983446200325746,-0.07060391761396519,0.10903646429966574
2017-04-30,0.053038048678278944,0.15489807535113337,-0.48624804266767857,-0.6556135337289521,0.5223910791289585,0.3088799398370714,1.5440592589352613,0.24843715082381407,-0.07060391761396519,-1.0667099032856546
2017-05-31,0.12079449346229039,0.33637588543011304,0.2466475578749083,-1.3713265342444094,-0.27468232181555846,0.07274830194984358,1.2508540405993698,0.8095421786794122,-0.07060391761396519,-0.019377065498830528
2017-06-30,0.2244309629725408,0.20751411809682035,-0.24194950915348148,-0.2998055772580231,-0.6720734349540362,0.06410738329817524,-0.1354652222099472,-1.569437935380303,-0.07060391761396519,-0.02214239594718344
2017-07-31,0.14480446069945235,0.5013840158128947,-0.48624804266767857,-0.7611320171334399,-0.47337787838479733,-0.23582208101971613,0.41242885638013926,-3.1818655657610386,1.117895362221115,2.380570270714925
2017-08-31,-0.012650286224960406,-0.8463832836067,-0.24194950915348148,0.5190441027327377,-0.27468232181555846,-0.24054719414769588,-0.4124968283572186,-0.4691092289613175,0.5236457223035754,-0.10253055208086108
2017-09-30,-0.09357540600046466,0.9075703267318749,0.0023490243607134195,1.7247209696944847,0.12179652974120178,0.11248753755716637,-0.1392106726860546,-1.7651730842962492,1.4574665850311384,0.9968957009238343
2017-10-31,0.0660953183753002,0.020300454400380735,0.2466475578749083,-0.2505552498696714,-0.2752897213598833,-0.12416541574816244,-0.413293971470189,1.7209614930574118,0.18407449949355195,0.04667416908414879
2017-11-30,0.322715910738539,0.29833407352650293,-0.24194950915348148,0.0500504250573557,0.3174643548123959,0.3370885333798223,-0.41355865643903283,0.8505845283445527,-0.07060391761396519,-0.7268210195092756
2017-12-31,0.2838411283653096,-0.007407235879495859,-0.48624804266767857,0.04887085159003689,-1.462308268606938,0.0958591386227018,-0.6865811590423652,-0.012887665671380699,-0.07060391761396519,0.019159789535029784
2018-01-31,-0.3869869476399506,0.3774924821799373,-0.24194950915348148,0.891077959901102,1.3039891375679233,0.15255198108626464,-0.6865811590423652,-1.8567966422107167,0.7820151309633758,1.6734199684616156
2018-02-28,-0.1693091925057456,-0.47148152311627045,0.2466475578749083,-0.005244878088517653,1.0963367804410329,0.3579773401078289,-1.232890849217879,0.8338431926793266,0.8595259535613147,0.7666681144460469
2018-03-31,0.2272837732390536,0.6097680709562152,-0.48624804266767857,-0.35100397475591977,0.30792894033622525,0.23660008985217018,-0.6865811590423652,1.802997390567998,-0.07060391761396519,-0.7456516030385499
2018-04-30,-0.23253421144409966,0.22559034811067846,0.0023490243607134195,-0.20309025976861275,0.30558090728864007,-0.18208050421416483,-0.6865811590423652,-1.0673778701976024,-0.07060391761396519,0.3878046747811992
2018-05-31,-0.0783909282535988,-0.5717668541645026,0.2466475578749105,-0.9931288589750868,-0.27900341044440086,0.1821822365714903,-0.6865811590423652,0.7187947655893515,-0.07060391761396519,0.7688540423242686
2018-06-30,0.20307151879427196,0.08460015617008931,0.2466475578749083,-0.6483952919083584,-0.08506568463189099,-0.057269582336169036,-0.413293971470189,1.3014703011737478,-0.07060391761396519,-0.9234755191080004
2018-07-31,0.382455781933721,0.27100901802023275,-0.24194950915348148,-1.1472425196960656,0.8811518081541071,0.05445427703755806,-0.41355865643903283,-0.013874918129395246,1.1449067094900942,-0.08831938722436153
2018-08-31,-0.48191523619970633,-0.0854281059514197,0.2466475578749083,-0.45086247571888266,-0.6664492771455034,-0.06906515882991303,-0.6865811590423652,-0.47952033202601113,0.49663437503459634,0.6642718784155337
2018-09-30,0.4201892492807222,-0.17300733782532446,-0.48624804266767857,1.9273873322443986,-1.440898004588683,-0.0002620372172915696,-0.6865811590423652,-0.04575267381228617,-0.07060391761396519,0.37482078991416
2018-10-31,-0.027448687137946196,0.34174369861194476,-0.48624804266767857,0.13928628954147015,0.3009269270184722,0.05491573476985008,-0.6865811590423652,-0.16128990687209135,0.3944610179736755,0.8182415273078663
2018-11-30,0.1913990246141864,0.15450893625923223,0.2466475578749105,-0.1553818648207847,-1.635704224592696,-0.3216096839767586,-0.6865811590423652,0.9595031548867984,1.2470800665510149,-0.4299627958783789
2018-12-31,0.007494820403208475,-0.06392929209258673,-0.24194950915348365,0.03939785257787222,-0.6676066929073214,-0.002238618923404009,-0.6865811590423652,1.149521866654984,-0.07060391761396519,-1.9829657915543697
2019-01-31,0.03260973924077655,-0.32412700669055955,0.2466475578749105,0.7168564042961245,-0.08506568463189099,0.015008281086281373,-0.9596036616456751,-0.6812660625523981,-0.07060391761396519,-0.5642854303471613
2019-02-28,0.13506818499468065,0.3486455347407464,0.2466475578749083,-0.15774545898970038,1.2668636960751993,-0.5078920061693422,-0.6865811590423652,-0.5068138449666079,-0.07060391761396519,-0.22912738000654628
2019-03-31,-0.3229382977605085,-0.10452343974621517,0.0023490243607134195,-0.4959221014087842,1.2552577007708945,0.41107922225319316,-0.6865811590423652,0.8029352750941373,-0.07060391761396519,-1.0886579245563985
2019-04-30,0.5771703122842847,0.4111101096429466,-0.24194950915348148,-0.10955950897634924,0.672674132490582,0.49062487991938897,-0.6865811590423652,0.026290357834565133,-0.07060391761396519,0.10708412955248647
2019-05-31,-0.051000681173822296,0.047738196382267756,-0.48624804266767857,-0.6891464125698475,0.6676291329875071,0.13484174262247672,-0.9598683466145601,0.38670330000870046,-0.07060391761396519,-0.3069911844880853
2019-06-30,-0.06446771106629791,0.09003014844207531,0.2466475578749083,0.3725599627056379,-1.0432535367125297,0.015899445906547956,-0.9601335452854881,-0.887026473414929,-0.07060391761396519,-1.1294498407296896
2019-07-31,-0.16653516602416676,-0.1336307698943812,0.2466475578749105,-0.9778699401831247,0.8543882054484944,-0.12125953290787111,-0.9603992591555593,-0.9728639358328928,-0.07060391761396519,0.3653495331285457
2019-08-31,0.22776715893709276,0.26380757664777466,0.0023490243607134195,-0.49607673575428735,-0.8520460843044034,-0.16410248705328373,-0.4127630589291427,0.8796394182698831,-0.07060391761396519,-1.7756450173691347
2019-09-30,-0.07864358872905877,0.02127425560701415,-0.24194950915348365,2.1419367563707232,-1.6127130792247124,-0.10085394784827505,-0.13974158522703575,-0.20959980164002764,-0.07060391761396519,0.9558509545381207
2019-10-31,-0.19955463954150193,-0.42822957053965305,0.0023490243607134195,-0.16111938669839776,0.2867351028691716,-0.08206828643366734,-0.41355865643903283,-0.28033529236193394,-0.07060391761396519,0.5326935052107391
2019-11-30,-0.3288468436901279,-0.44354497497107176,0.7352446249033024,-0.35100397475591977,-0.8531557351211327,-0.18166542181769402,-0.9596036616456751,0.2282935713776504,-0.07060391761396519,0.3269943998098613
2019-12-31,0.3909393284891944,0.5889659569619083,-0.7305465761818756,-0.4459131185396611,-0.47337787838479733,0.33626880843883383,-0.1408003265935385,-0.36407043215089147,-0.07060391761396519,0.6451318412408523
2020-01-31,-0.0249003374636021,0.02941080999651755,-0.24194950915348148,1.112694007335253,0.28562219793747884,-0.12550186351973364,-0.6865811590423652,-0.4577769518718934,-0.07060391761396519,-0.6103420089645127
2020-02-29,-0.14080457395010212,0.08945610552449941,0.7352446249033003,0.30489075055972453,0.6609711568282821,0.04469139111947676,0.4018206251127956,0.9957597646491521,-0.07060391761396519,-1.1033866012539448
2020-03-31,-6.967767302659688,-4.803186923093012,6.5984094292440005,3.291957769372207,-1.986949133183835,-8.312130244068802,0.12697124373360358,3.2771719324841277,-5.742986844099577,-2.710734924360224
2020-04-30,-12.997517782029847,-13.889104079955297,12.705872767098892,5.264551761888464,-2.1867774834716784,-11.87570310154309,-0.6865811590423652,0.48518254945301237,-5.094714509644079,-0.897705272977378
2020-05-31,2.094188556561758,2.359138834396425,1.2238416919316923,-1.0952579119247245,0.2895316962347038,4.478967378520905,-0.41591794871226834,-0.44556184125549386,-0.07060391761396519,-0.5751768818416096
2020-06-30,6.824465416990262,5.4335266449764195,-3.906427511866418,-3.3694431064805697,1.613118386220586,5.802932420713949,-0.41617757773090686,-2.0754575018145522,-0.07060391761396519,0.09817713186073722
2020-07-31,2.5505052495452403,0.9678047484058877,-4.150726045380613,-1.840344118582091,-0.47337787838479733,2.4638154700451347,0.3924468068528065,-0.27985573407366743,-0.07060391761396519,-0.2217992543184076
2020-08-31,1.3136210748291868,1.0717818801996322,-1.9520392437528544,-0.7145264986806615,-0.851493687017282,0.8566625191198186,0.6564214378822368,-1.415950664909975,-0.07060391761396519,0.31070660346905155
2020-09-30,2.457044354566087,3.132204887510277,-2.4406363107812443,0.46555909815846175,-0.6626428308260478,0.7952341550366805,2.775573133942982,0.009104271847390799,-0.07060391761396519,0.01529951991152922
2020-10-31,0.2317439833900299,-0.3113885883859801,-0.24194950915348148,0.5505732213286244,0.6601443691809311,0.47384136819554784,1.4230317692066747,-0.08988731748882213,-0.07060391761396519,0.28872683528871074
2020-11-30,0.0702267660354425,0.9733704259854007,-0.9748451096960705,-0.8912325383301708,-0.09663603756485976,0.5310060360718976,0.8853320882440451,-0.7729142082948823,-0.07060391761396519,0.5332564474805838
2020-12-31,-0.47868013418056415,0.08871500035786432,0.7352446249033024,-0.08062136734680023,-1.0386961850357046,0.10789695003581022,0.0961006354828309,-1.3783161961959836,-0.07060391761396519,0.28363533520367995
2021-01-31,-1.3311778135318142,-0.26313317189794316,0.7352446249032981,2.1027636503593,1.0314062659241001,0.4187258531395192,1.3900080613628736,-0.46328231102067824,-0.07060391761396519,0.46913106803128024
2021-02-28,1.3113047599444403,0.6643368672641145,-1.7077407102386553,-0.8382274225402004,0.836179859244242,-0.015118223939149338,4.692782395978151,-0.1567101262220441,-0.07060391761396519,1.7373129284708548
2021-03-31,1.2993444663041673,1.200592012260499,-1.9520392437528522,-1.0182260383234585,0.8295967763938384,0.923920460793974,2.3418710145706867,-0.6873777635116506,-0.07060391761396519,2.333035442625292
2021-04-30,-1.3108015489264564,-0.8713846259432958,1.2238416919316901,0.759220575741246,0.8230795483053963,-1.2495575698136834,4.536161923485241,-0.44008412623846893,-0.07060391761396519,0.1519563394675599
2021-05-31,-0.429840186601924,-0.46262888605769603,0.24664755787491266,-1.193946637827716,0.8166271917142217,-0.3869100933533909,3.2287000011787246,-2.0438758656568146,-0.07060391761396519,0.08341553456261436
2021-06-30,1.475580761813865,0.24983353012545642,-0.9748451096960705,-1.4232987973409181,0.26089553292667095,0.8021209407361319,1.0094015959428306,0.4885903617430905,-0.07060391761396519,-0.533894448719741
2021-07-31,0.5862127368575023,0.3374283294402489,-1.2191436432102654,-0.1269107264793635,1.1711712180911362,0.5312685568231796,0.5186182479192164,1.6673929736722168,-0.07060391761396519,-0.9648830505120546
2021-08-31,0.25039143878451053,0.41885265705139985,-0.7305465761818756,0.05143542007033557,0.07249457507753428,0.6946754684668272,1.2310841403958728,0.3771384829510659,-0.07060391761396519,-0.3057402016662098
2021-09-30,0.8528713886946913,1.4319267463885539,-0.24194950915348148,1.5554892729841365,0.07134738168557168,0.3239566544903356,0.5053686587129679,0.3411858586762114,-0.07060391761396519,0.4491778920223765
2021-10-31,0.08323041423746899,0.15605502420707787,-1.2191436432102654,-0.35100397475591977,1.3341492572801459,0.6996473036829755,1.9181016568100073,-1.279786119604455,-0.07060391761396519,1.9686466471279829
2021-11-30,0.7268435960435676,0.45938183449992065,-0.9748451096960705,-0.04315930153819389,0.06643142644546533,0.3078379918847733,1.4267660211253583,0.6948171231958812,-0.07060391761396519,0.5510078937229879
2021-12-31,0.27809280225250677,0.8565297968992632,-0.4862480426676764,0.7427858583245261,-0.8331258068514394,0.25525633740488596,0.01436170994722713,1.170216187325878,-0.07060391761396519,-1.3240402186723204
2022-01-31,-1.2963326710897292,-0.5850436587522819,1.2238416919316923,1.46698185373975,1.8561078536605575,-0.4257389294707141,1.868733273516608,-0.9691312068680932,-0.07060391761396519,1.8241581312014394
2022-02-28,1.718902824927997,1.192172643545433,-2.196337777267049,-0.9543022075755915,2.188730501859175,0.9279503985789479,2.3037726719311165,0.5121103858783776,-0.07060391761396519,0.734562627940648
2022-03-31,-0.023879738331228032,-0.1009605996306688,-0.24194950915348148,-0.48063119857447806,3.208229609039511,0.44593609574891613,2.7248648145036354,-0.3295844818114106,1.5571233569427756,1.4987713158842082
2022-04-30,0.21955274405076036,0.23457685506920356,0.0023490243607134195,0.8969120330540359,1.0885853804751533,-0.15377172522357085,0.21620812146665475,-0.18088179372355837,2.1218450644420526,3.343172181246573
2022-05-31,0.1723078102245647,0.8918230414634428,-0.48624804266767857,-0.7370638923212488,3.1350099680723496,0.06841544496914449,0.6622047246727442,1.1645222264200903,1.4574665850311384,1.2784043653303279
2022-06-30,-0.20132440899252926,-0.141386826826948,-0.7305465761818735,0.29182153933277893,1.2274047387644582,0.25897030698340523,-0.23841618085863153,-0.22462275868796866,3.332825838277402,2.332082176539058
2022-07-31,0.07614453295795479,0.12613192036465237,-0.24194950915348365,-0.9508797671324798,-0.13455646954782582,-0.018706281184990747,-0.4627655761041179,0.6514951757624311,4.166318839720187,-1.66064216655418
2022-08-31,-0.1658019674305983,-0.4022801929643159,0.9795431584174974,0.8035392928432747,-1.3212632954080776,0.1358413008978959,-0.46294313707708845,-0.12912138307981993,2.9855370876762404,-0.9003698663879729
2022-09-30,-0.046613173473322424,-0.19776515905222075,-0.24194950915348365,1.5936926685460366,-0.3035787626814485,0.053855569293692035,-0.9102191810076418,2.0166018322046817,4.0042507561063125,1.6935930540823658
2022-10-31,0.35578119030693156,0.3179550778409842,0.0023490243607134195,0.2353810381467831,1.3871075968369062,-0.2875615573308687,-1.3585617201643316,1.8785012478434517,1.7121450021386555,1.396472124058872
2022-11-30,0.09878685544436017,0.4693272494535522,-0.24194950915348148,0.4407804902400069,-0.13653788185478535,-0.29039949976599333,-1.1354597760277352,-1.2672967823413355,2.9855370876762404,-1.200330527417121
2022-12-31,0.2859388634946956,0.5056995114241174,0.0023490243607134195,-0.5173126718837517,-1.9926170488165944,-0.4766158619193012,-0.6865811590423652,0.6926010704078057,2.645965864866222,-1.2603276635542326
2023-01-31,0.4189772581353502,0.5618717652190219,0.2466475578749083,1.0973454408668541,0.8774960111342202,0.8203762590886691,-1.361242139794765,-0.8709227017078855,1.1178953622211112,0.01584995235315381
2023-02-28,0.12285366683616362,0.18346107365964046,0.2466475578749105,0.22404304605477598,0.5351772495537578,0.18132406273396542,-1.362860680283693,0.12171176228536718,1.3725737793286337,1.4056701398597111
2023-03-31,0.2632513946545352,0.3889488386289691,-0.24194950915348365,-0.5150550872082522,0.8652866380467351,0.13842169928410364,-0.6865811590423652,1.1299473207144144,-0.07060391761396519,-1.0062693982253093
2023-04-30,0.020310091976667714,-0.3197896585733087,0.0023490243607134195,0.6303465207900016,1.3560694015262558,-0.16617324590501073,-0.9123686856525731,-0.9992843189156493,-0.07060391761396519,-0.4472277901507117
2023-05-31,-0.06554552525886162,-0.19035823499262178,0.2466475578749105,-0.799910512690752,0.5190866686294853,-0.14790774636119153,-0.4607936324321534,0.153376078644888,-0.07060391761396519,0.8241869877718291
2023-06-30,0.2600110244760049,0.7949871377115696,0.4909460913891054,-0.8834479323670207,-0.14339904215444607,-0.3053636151764969,-0.4609743347536956,-1.1895424502085719,1.3069747931039701,1.7301092426528886
2023-07-31,0.043539969427541785,-0.04946757683198229,0.0023490243607134195,0.14055670395773062,1.0063502556694577,-0.05627520182915544,-0.9121879833310146,-0.39399265460360394,1.4381727655532974,0.6960968814040343
2023-08-31,0.2340752267285366,0.416840140782039,0.0023490243607134195,0.6674078504437966,0.5084351927048417,-0.1256372471576114,-0.4609743347536956,1.3449327949582135,0.6085385280060784,1.2062726958210221
2023-09-30,0.13837709857863767,-0.22998843349606063,0.2466475578749083,1.783125192119726,-0.8002358546772037,-0.20846435605555236,-1.3639440285760642,0.22535829888728107,-0.07060391761396519,0.9740402447681781
2023-10-31,0.025463753724505468,0.06675513360549715,0.4909460913891054,-0.07162580492447108,-0.3098973678555444,-0.06277695774218667,-0.6865811590423652,0.8775595313952295,-0.07060391761396519,1.4600470710665492
2023-11-30,-0.019737834029359882,0.02808324406312725,0.2466475578749083,0.40442698357468515,-0.14672586180429956,0.10005014377185645,-1.3655755745986817,-0.057668837929413075,-0.07060391761396519,-1.990613905480098
2023-12-31,-0.08485180482110166,-0.13403434484234514,0.0023490243607134195,0.32136825530135077,-1.2907810813615646,-0.30166025993757284,-0.6865811590423652,-1.4047323528754372,-0.07060391761396519,-2.7170688479109812
2024-01-31,-0.013938590853627735,-0.35198189000687213,-0.24194950915348148,0.8274836954177237,-0.47337787838479733,0.10728999042242733,-0.9132765567860456,-0.053783354113882395,-0.07060391761396519,0.6864735314437561
2024-02-29,0.09511276005510237,0.42401861930161044,0.4909460913891054,-0.11652732632608438,0.3440253245919541,0.4542179286196471,-0.4598857612986978,0.36017963001196857,-0.07060391761396519,0.9493458438643693
2024-03-31,0.015380081576381792,0.007395869699251832,0.4909460913891032,-0.39005534453439117,1.153735693697859,-0.12625818015384105,-0.6865811590423652,0.17092203793442484,-0.07060391761396519,-0.3084923638743334
2024-04-30,0.16110381559343442,-0.11507256452134305,0.2466475578749105,0.11687377847679555,0.8209985485951113,0.19817440577897535,-0.007586743486027919,0.6434689907639667,-0.07060391761396519,1.4941989021037343
2024-05-31,0.04328593231935126,-0.36544121625253345,0.2466475578749083,-0.31208674450621726,0.9751108758210651,-0.01870299599506893,-0.2348251137973361,-0.03849584817620198,-0.07060391761396519,-0.2743405328371482
2024-06-30,-0.125542214751773,0.030434583303896128,0.2466475578749105,-0.4677891011485465,-0.633921916252986,0.05432754182129877,-1.138337204287424,0.15790122164270415,-1.5859404994036954,-1.4084440296642178
2024-07-31,-0.039088313654559746,0.43097902145960654,0.0023490243607134195,-0.03979962039624146,0.6483477585424756,0.033913014901582814,-0.009218289508665779,0.0027227735387755836,-0.7255703685665529,0.13206625650532725
2024-08-31,0.058942599772488606,-0.5238789121536421,0.4909460913891032,0.42390460892877707,-0.9535231361266859,-0.05128616732642438,-0.6865811590423652,-0.3181618005764048,-1.4657987243768889,-1.8806024761244298
2024-09-30,0.060225804439161784,0.60597607442504,-0.24194950915348148,1.2620681687447384,-1.5971878680183937,0.10690273662177974,-0.6865811590423652,-0.5439701835832094,-1.5986744202590697,-0.7187093835274375
2024-10-31,-0.08277746640370577,-0.12643113543757914,0.2466475578749083,0.33449668562227725,0.6504321112488262,0.2560203152485413,-1.8164252042209188,1.0082387079842428,-1.2554122058967598,1.4347719507685865
2024-11-30,0.06782519783585861,0.3283839479382701,0.9795431584174974,-0.5791203755017512,-0.47337787838479733,-0.385262444677369,-0.460249784457495,1.0473972383243666,-2.705971885943929,0.5707859321368289
2024-12-31,0.36332372023440285,0.15510261117543092,-0.7305465761818735,0.02897766707924742,-1.4363449582020418,0.036357888358014276,-0.9129125336272527,1.2468676444820201,-2.339557088208211,-0.6379261801868508
2025-01-31,0.1466678957728914,0.029993304635504498,0.0023490243607134195,0.2547663081558103,-0.31263471611578103,0.2745742119778661,-0.9130943989538481,0.6809391765526707,-1.5221702317208419,0.7730698544339897
2025-02-28,-0.13779857942899243,-0.313022835514264,-0.24194950915348365,0.2144647855603333,2.2441134298612004,-0.35435767105524785,-0.4600679191308965,-0.43794627491834104,-1.6983311921707054,-1.3044261248493447
2025-03-31,-0.24281797922569986,-0.5149559515541182,0.4909460913891054,-0.6900029276556893,0.3204920863104122,-0.09127368833222554,-0.6865811590423652,0.2500765304609753,-1.1742103917465392,-0.226651750843259
2025-04-30,-0.11764240120976797,-0.0802167910807048,0.2466475578749105,-0.04962985756023286,-0.6319574739410209,-0.3242917250371522,-1.8209718725850315,-1.7836636576884939,-0.7497463632340119,0.6052254892230423
2025-05-31,-0.08952945578798606,0.26378821284146203,0.2466475578749083,-0.3133791390518275,0.9503578145836508,-0.3208399738390181,-1.3694132536813077,-0.6420133298263638,-0.07060391761396519,0.6905425176749069
2025-06-30,0.22071896997536133,-0.022630325887089284,-0.24194950915348148,-0.8409408759356047,-0.31566668346644133,-0.2110316859993412,-1.3710712854857967,-0.933910786995546,-0.07060391761396519,0.563943056101173
2025-07-31,-0.2488740896274491,-0.43897506485469096,0.0023490243607134195,0.21415137534045023,0.31374189094982907,0.39109437633080574,-0.9151143794247034,0.06365268714645421,-0.07060391761396519,1.0096682355351725
2025-08-31,-0.45742673149445773,-0.18304738385130484,0.4909460913891032,0.2118118266957615,-0.6306107257004856,-0.22724637021700092,-1.602571280688323,0.5221564344048522,-0.07060391761396519,-0.2966705762076116
2025-09-30,0.15220336062011186,0.6437155078637404,0.0023490243607134195,1.3975480014624728,-0.3161450310691157,0.065242184080817,-1.1456947978275234,0.13020297734430517,-0.7999102938763994,-1.106068971788852
2025-10-31,0.2591793435948441,-0.3302505877553771,-0.4862480426676764,0.6800967427191034,0.15460144963301672,-0.4595787951544446,-1.8376473231159847,0.7476304601524172,-1.2861145447180278,-0.5183947715567117
2025-11-30,0.145240061924269,-0.19619877091203386,-0.7305465761818756,-0.5712967741524432,-0.3166204857316775,-0.19432116501764474,-0.6865811590423652,0.2822652257632569,-1.69128475375271,0.30430486348111196
2025-12-31,-0.07722953767405372,0.2424888025744511,0.4909460913891054,-0.1307111753594034,-1.100977073265923,,-1.1483269001244072,-1.2445541912272744,-0.07060391761396519,1.271683295516801
2026-01-31,-0.26092395171234933,0.1908734125729746,-0.7305465761818735,0.05194142930024738,,,,-0.140354387003803,-0.07060391761396519,0.12359710280123443
2026-02-28,,,,,,,,-0.5824450962180906,-0.07060391761396519,0.16900777923528648
