date,nhpi_house_only,nhpi_land_only,employment,avg_weekly_earnings,gdp_monthly,cpi_all_items,usdcad,overnight_rate,bond_yield_5yr
2000-02-29,0.2973490262806729,0.7009621030674337,0.01757303541807093,-0.7608847282194774,-0.16833176946682119,1.1846128975923982,,,
2000-03-31,-0.19590094480873582,-0.20299174104297277,0.06128597339399664,-0.1869033598436317,0.6780336737016547,1.447635029036209,,,
2000-04-30,-0.19675356072771374,-0.2038217901693208,0.060200719693231146,0.7921876263440787,-0.2909823696890918,-1.2949263977135466,,,
2000-05-31,0.29052800609035423,0.24234158301672745,-0.026906213500823863,-1.658296190768219,0.406044141713007,0.6214425069015587,,,
2000-06-30,-0.6865811590423652,-0.6524630872593637,-0.051894101224972636,-0.9269209634021235,0.207922769952899,1.1602305176751158,,,
2000-07-31,-0.19929372240222057,-0.206293644439235,-0.10322289926894684,-1.095071557997358,0.05563373213950947,0.33958151524184377,,,
2000-08-31,0.2854739831253275,0.23742506281439912,0.019606484302430446,0.7224576955915669,0.20752725153394178,-0.744081131033919,,,
2000-09-30,-0.20180767430642982,0.23417728862009732,0.18475808879639866,2.1750966425498826,0.014900292702280458,0.6077429417723422,,,
2000-10-31,-0.20263990387394168,-0.2103534232402055,0.04297986083731762,-0.10901516637540225,0.026288762214687605,0.06549620521541254,,,
2000-11-30,0.27881605813348764,0.66905890217194,0.14000032764553624,-0.2704366580580739,-0.09651273322974996,0.33283845077342944,,,
2000-12-31,-0.20511953576662753,-0.6524630872593637,0.23258662942113073,-0.029211296841084693,0.09351588680228068,-0.20519540143204545,,,
2001-01-31,-0.205940442598284,0.22457466429875186,-0.321420480577548,1.0081810177291894,-0.15916949758308155,-1.5477766844957719,,,
2001-02-28,-0.20675855485144923,0.22141984542695461,-0.2088297994232025,0.28394098756874026,-0.20033048147602908,0.8689262134388747,,,-0.12259089541937092
2001-03-31,0.27062081976088653,0.21828764181712745,-0.09450635776248568,-0.0346400322415278,-0.10763729636904269,0.3286805466006296,,,-1.0372557748215518
2001-04-30,0.26738155137199104,0.21517781116183798,0.12039563985672418,0.43670009976771035,-0.26181330105647,1.3884960955309875,,,1.1012699610073047
2001-05-31,-0.2108076926823478,-0.21980189840206954,0.04765646365291518,-0.9019172615007333,0.26967041318628837,1.63822924503527,,,1.4769957225618313
2001-06-30,0.26256354875855353,0.6409163296750764,-0.3069199527196049,-1.2212605233163574,-0.25919472321821757,-0.2106324520829924,,,-0.49023690068205117
2001-07-31,-0.2132045374708865,0.2059801852218443,0.04690977173813743,-1.8674209373346928,-0.32723183218148844,-1.2624145329152727,,,0.41346503717885413
2001-08-31,-0.21399812815569413,-0.22437629220604235,-0.11400362741125646,0.04969582295239398,0.17068319640370427,-0.47337787838479733,,,-1.6079555143692956
2001-09-30,0.2562147428507394,-0.22512930366777076,0.05031668705188599,2.2644030062041174,-0.7362399397251403,0.05291334984387048,,,-2.2771759790853685
2001-10-31,-0.6865811590423652,-0.22587967066228654,-0.09991870940544474,-0.2725293157523643,0.2952035833279813,-1.7911150371096314,,,-1.0604442135416905
2001-11-30,0.2530720840149888,0.19846315338708592,-0.030887958692167185,0.27516796894634843,0.48835784265001453,-2.8623195897828317,,,-0.21741692095456178
2001-12-31,-0.21792650096948205,-0.22811504341738617,-0.31383342506580675,0.35000937237987817,-0.29359370086979464,0.05940409923636683,,,1.3948036504474306
2002-01-31,0.2483971836657346,0.6161517711426809,0.2688281014119665,0.7323271989133002,0.9354885858053197,0.05831121236121443,,,-0.42827270927008937
2002-02-28,1.1741233650172764,1.4472837207686307,0.039111040950442336,0.033817518924895845,0.3838685716288292,1.1151766803602334,,,0.23111781513961235
2002-03-31,0.23918555773753544,0.1823803230656656,0.44646058279841366,0.03273137157701957,-0.28472300610282864,1.3677139677751642,,,2.543386801215971
2002-04-30,1.1558810332765321,1.8349906575894044,0.2170823072877195,-0.1212815721168764,0.5589726142724543,1.0943588013133092,,,0.020759251823408625
2002-05-31,1.1439169087126104,0.9918016892238364,0.26790076083249786,-1.5807000272370177,-0.017210401125626097,0.04710089259212197,,,-0.5129149190470418
2002-06-30,-0.2308078796395518,0.16551476742955634,0.32253856060530395,-0.7375761514553281,-0.05519451362068496,0.046057848264061306,,,-0.9886746731683171
2002-07-31,-0.23154359146759101,-0.24450464826636692,0.15965664956194742,-1.908378883967917,0.2302995230588311,1.0787126326915077,,,-1.5424513688607928
2002-08-31,0.6741409290852032,0.5673178518236587,0.4683735640377449,0.19610880762232183,0.21432391786145644,0.5562097349705157,,,-1.0856773326269888
2002-09-30,-0.2344628393475447,0.15733497365839935,-0.14265291911446487,2.428459291589844,-0.411154582499274,-0.47337787838479733,,,-0.5058949897441082
2002-10-31,0.6654392355807002,1.360300649144455,-0.030045293075751003,-0.5804678991819707,0.4508768160819309,0.2961378006800394,,,1.0699195949158067
2002-11-30,1.106084417511138,1.343761729833375,0.21611793862712453,0.10753724556530563,-0.22161084076866228,0.2938600005681398,,,-0.4583509231015383
2002-12-31,0.20549462309189281,-0.25517895402643687,0.2824209612657168,-0.4273201950864809,-0.4865351050419743,-1.4968672273952595,,,-0.5339747069558285
2003-01-31,-0.24159967453244424,0.5355059955132967,0.009268095042677555,1.0917292039621178,0.3634476132640018,1.8238159543356316,,,-0.0630012682683646
2003-02-28,1.0863536907426037,1.3146666348867733,0.2796668425152142,0.026131753754296553,0.09624972006308329,1.5516194592295742,,,0.6666725196168368
2003-03-31,-0.24508426080610657,-0.6524630872593637,-0.07263537838101039,-0.577159851049719,-0.28107885916405784,0.2819359368732043,,,0.3120521299276071
2003-04-30,0.19434365755095356,0.5202142983136212,-0.2480312443992866,-0.2755768754848035,-0.5161160532071454,-2.2392128209582736,,,0.2580237454711326
2003-05-31,1.067052564093645,0.902353057180991,-0.2617261954263708,-0.7285586271350318,0.13056460777974263,-0.2203780136402693,,,-2.1814016872969333
2003-06-30,0.186161680178167,0.12122926517296627,0.24256253929459573,-1.7189485351562952,0.13292344044820079,-0.47337787838479733,,,-2.4045351544257696
2003-07-31,0.18346802515653216,0.5034749857324359,0.021150816147493198,-0.7334440101918536,0.36393260651794657,-0.22062472246997147,,,1.4874230526140757
2003-08-31,0.6134782331548599,0.8802813871427964,-0.19793468846345125,0.41280333163439387,-1.17194450756939,0.28340613616734867,,,0.8224670869875393
2003-09-30,0.6075100741539257,0.4907822852744753,0.1239939179957052,2.736501214620747,1.1002208984185602,0.029920028977192602,,,0.5450887116087898
2003-10-31,0.6015964606851095,0.8635430387189119,0.2578722729445881,-0.35100397475591977,0.2806003574463797,-1.2286916936428085,,,0.2933513117683399
2003-11-30,1.4473859725927911,1.6039543102118297,0.21563642234153838,-0.35100397475591977,-0.0628008224619479,0.2819359368732043,,,0.4603445377185906
2003-12-31,0.162502952481352,0.09504271273916096,0.1695707317552098,0.09500192423350853,0.26296583832866066,-0.2220949301032469,,,-0.6114182503372091
2004-01-31,0.1599531465064977,0.09274974656106544,-0.14022185064521153,0.9783016573607062,0.009067002960588126,-0.22233830345685254,,,-1.2236827609686731
2004-02-29,0.15741860886521403,0.8311396507391208,-0.07975713403355887,-0.1307111753594034,-0.2391655353835956,0.027973033921929458,,,-1.1564920090691986
2004-03-31,0.5746992981340853,0.0859544822459251,-0.0643245240306021,-0.424395254783179,0.746123621407879,0.526424097423734,,,-1.0735173167494776
2004-04-30,1.4030926940732331,1.549417786387623,0.1950968764859642,-0.05767626022117052,0.09072830376400448,0.025080623024478072,,,2.0313189302546726
2004-05-31,1.3877159995852437,1.5296401461314497,-0.0029723819892768467,-1.0855132866466697,-0.073365112517704,1.7578985189314629,,,1.1783866194373733
2004-06-30,1.3725639493795132,1.1511026820583548,0.030420474861755285,-0.8675318148476834,0.33073949365466476,-0.2266397913551298,,,1.4370299886894697
2004-07-31,-0.2765509603473452,-0.29335113224416764,-0.03470806973404256,-1.83770378566073,-0.07826375114971851,-0.7201159654144998,,,-0.9688684440636198
2004-08-31,0.5399430902014931,0.4216986921831169,-0.07594539689571118,-0.12695996423816805,0.26561740536142314,-0.9675598028233374,,,-0.8125154732256472
2004-09-30,0.1281468991304373,0.061015232701596506,0.10309821631399886,2.3822701983442958,0.11673044816181244,0.020804046053749654,,,1.0402444392261492
2004-10-31,0.1257989763997996,0.41384086306031564,-0.05590761663658164,-0.20481326932735172,-0.14085590315948818,0.019863642204085617,,,-0.2594453288591101
2004-11-30,0.5276161750155043,0.4091811076999977,-0.00034895969433429517,0.37760089306776234,0.2151432175580576,0.5102982200779654,,,-0.24741116433980942
2004-12-31,-0.28300813105405653,-0.29961016635999865,-0.029657681916829916,-0.1331817498735033,-0.15394000982338668,-0.9647492878207408,,,-1.3014034068225337
2005-01-31,0.11883570858117941,0.051708980628225945,-0.05264243795828668,1.6653495096403286,0.3294724523527187,-0.7194133414255418,,,-0.07153686412533422
2005-02-28,0.11654107052209756,0.04967379840385063,-0.03952415085342301,-0.6372300656278166,-0.10411809928093875,0.5093658234369164,,,-0.22334283530118934
2005-03-31,0.5138282286734481,0.3969519066538219,-0.1345368363768025,0.1494969326506637,-0.5291680719434932,0.993786458851551,,,0.9562446033626846
2005-04-30,0.9060542179754695,0.39243827983028606,0.04834480869353191,-0.06582853103031133,0.5901486395472142,0.25710172445129614,,,-0.8251650211578709
2005-05-31,0.5020181222278707,0.7337842879691571,-0.09992615472359136,-1.926923381583113,0.2691304751841972,-0.23034144158980221,,,-0.4615190080791621
2005-06-30,1.675687233740192,-0.30713368535829066,0.04317317612170873,-0.2069813522316655,0.13578017361727546,0.01201241487212633,,,-1.3696653817000497
2005-07-31,-0.29478719478904414,0.03672657589051199,0.14839551798605402,-1.2898897555470272,0.09293922462378419,0.011105142767109711,,,0.7097493585211786
2005-08-31,0.48554407191185533,0.37766931133889237,0.1751931802111336,0.5158895655661103,0.2177976643241718,0.49287987007812584,,,0.3656132788298297
2005-09-30,0.8687094725704725,0.7142870342418371,-0.22938923368057124,2.640320673887158,-0.08736860296595014,1.6876212695798036,,,0.3561432118643539
2005-10-31,1.2455423191738986,1.3833521222092142,0.14100774321575474,-0.13983539549435942,0.1755708329738058,-1.671707987167913,,,1.380209586896603
2005-11-30,0.8496390564959747,0.6953306239510085,0.07187170825188367,0.49040568108815896,0.39342570149006884,-0.9542654761591627,,,0.8933273473862686
2005-12-31,1.2219956096601814,1.021831570972583,-0.1913560056764256,-0.35100397475591977,0.37452510498209146,-0.7141566610050359,,,0.207881393307347
2006-01-31,1.586783677310863,2.0026364916913475,0.0661423442851854,2.1424252317163384,0.08243820920947359,0.967951178631394,,,-0.0027164857805435454
2006-02-28,1.1939842669807827,1.3199904543869967,0.08286767758665393,0.12856386974353642,0.05427229714119457,-0.9529309122206762,,,0.9249170292494487
2006-03-31,2.2964700841165344,1.9528079214558975,0.24522326606039518,0.8066663457647343,0.0624553753133119,0.9626276829934861,,,0.1337579161956657
2006-04-30,2.632046321074054,2.8847683319548967,0.11569905405743312,0.3254021117276351,-0.15181476263750007,0.954715766482115,,,0.9907274321866089
2006-05-31,2.5934318088090547,1.8881006496954125,0.32296052954710486,-1.4348749305108548,-0.12491809532449147,0.710718931243601,,,-0.09297871756436916
2006-06-30,3.628233365112803,2.797990171906372,-0.25149299732488906,-0.6914933662127133,-0.34370557596523826,-0.9463676827248063,,,0.4730660603189915
2006-07-31,2.1537019312030212,1.5180355282779683,-0.07690767043713828,-0.6923482237289863,0.016295626685072753,-0.2367750861897017,,,-0.0546252162591854
2006-08-31,3.5208956343910445,3.3277261458223615,-0.1621851639186561,0.8738452370501504,-0.09819732171736706,-0.0008192409239741288,,,-0.9281277829305494
2006-09-30,0.702070476214742,0.5592062241386576,0.08803429639875958,1.999514932668039,-0.325378627440566,-1.8936463133290549,,,-0.8479569994141394
2006-10-31,0.005187806278641907,-0.35048766822755667,0.0012738311003924372,0.5117987541082417,-0.00989506492758986,-0.9485353732319227,,,0.2868555979653066
2006-11-30,0.6918847266552314,0.25121753315863576,-0.13037724683666657,0.04537339915276454,0.054456541331440234,0.0017796164623154434,,,-0.4941115369856184
2006-12-31,-0.6865811590423652,-0.9533166159021809,0.2878456985174253,-0.7473813486646183,0.47584411949916317,0.0009101603594019759,,,-0.1953686809361324
2007-01-31,0.3428626334746457,0.24898207812656767,0.30837687570118416,0.6377810595335447,-0.39673877130197194,-0.47337787838479733,,,0.8924984391244164
2007-02-28,0.6801886064524554,0.5442841275563978,0.012815678143466942,-0.35100397475591977,0.32783178238675953,1.4151429777069577,,,0.11241719238098272
2007-03-31,0.3341648394347304,0.24124433385701585,0.059370323824999946,-0.02300057573867977,0.043400109860337974,1.6348895674531798,,,-0.45859023887323214
2007-04-30,1.6808832460278489,1.1251486974583078,-0.17177340625306906,0.04155840466427882,-0.03814149466641309,0.6905142472343974,,,0.8727233990426005
2007-05-31,2.3283749805234093,2.28162080577153,0.02644615951478912,-0.41635237445142853,0.2851319616672611,0.6853113146874769,,,1.0139197043401682
2007-06-30,0.974565144027978,0.5113197051522427,0.17662283282881006,-0.35100397475591977,0.12843611770361366,-0.9362321814718622,,,1.9001857788350387
2007-07-31,1.9510587806400634,1.0828242430541415,0.3209236088244997,-0.6782179544806092,-0.18061835488679082,-0.2418474111348846,,,-0.12305813097362286
2007-08-31,0.6230412285021846,0.7842010246757994,0.010610381287339295,0.8232989941770079,0.14730963928302696,-1.168590653283077,,,-1.1524578289178433
2007-09-30,-0.03404449752062969,0.20547492032634462,-0.006746499439260505,2.541130811612292,-0.32880011715756624,-0.009695570736417983,,,-0.5675796795279849
2007-10-31,-0.3608783938638845,-0.6524630872593637,0.18304172483022077,-0.2238816251961637,-0.04323271615374746,-1.1692127683699802,,,0.07063769687054049
2007-11-30,0.6124797201016229,0.4867614778773662,0.00856402244501858,-0.16054303823912347,-0.043761338172211804,0.22245701160035578,,,-1.61570478697643
2007-12-31,-0.362749174087981,-0.368489713802005,-0.11524247342713162,-0.5414649112726986,-0.5334467092367907,-0.2418474111348846,,,-0.46890840734540573
2008-01-31,0.9270220556449719,0.7624459403964935,0.03465548660399863,0.7877798692694985,0.29923025907575257,-0.9366458137769983,,,-1.639084558356145
2008-02-29,0.2771658032627034,-0.08879881274635595,0.10130708782550937,-0.2250592293446015,-0.3241328148134043,0.4523314657602159,,,-0.7359572182628508
2008-03-31,-0.04590881076574743,-0.37112061999512796,-0.10022159106050907,-0.6030102432915108,0.04833398125011505,0.44903711949121633,,,-2.3135267852485026
2008-04-30,-0.6865811590423652,-0.9338055545235877,-0.13234367089007243,0.4663143055470856,0.07680986933350299,1.5901315320867837,,,0.8861250822572871
2008-05-31,-0.6865811590423652,-0.9341317487615286,-0.032098599062750054,-0.28833638067609624,-0.14454882514059902,2.026581658683286,,,0.47181250151489973
2008-06-30,-0.36679018668395513,-0.37079442575722377,-0.06883351718798711,-0.4763680619685098,0.0622874826181585,1.3297482861059338,,,1.2658850239631763
2008-07-31,-0.6865811590423652,-0.6524630872593637,-0.23056688641021625,-1.1687003828436016,0.30511749815165473,0.4235030886326227,,,-0.21320040497715387
2008-08-31,-0.6865811590423652,-0.6524630872593637,0.01627499042261701,0.21561693640113194,-0.22824649239913444,-0.9214304374062838,,,-1.4134601679194614
2008-09-30,-0.36715255613534226,-0.6524630872593637,0.01412168581781978,3.0612918899145676,-0.12470712378417856,-0.2492547854308735,,,-0.3871829709963522
2008-10-31,-1.9664730825844101,-2.6310363894282345,0.16392413347890095,-0.16731917813859143,-0.26360791697546576,-3.175730844840414,,,-0.8126294331169275
2008-11-30,-1.3287128988946548,-1.7903536609053776,-0.704038096276805,0.6244789038047504,-1.2032738989206089,-1.3804596120131207,,,-1.062585459919978
2008-12-31,-1.3301789543674396,-1.2234132756277942,-0.19852433136280076,0.013005193021487393,-1.5892502526390397,-2.2971204302602786,,,-3.3527534245545776
2009-01-31,-2.3020337858117585,-2.0857368217170524,-1.1020692516990054,1.0354052405529472,-0.6560976568875605,-1.1606032235668156,,,-1.0682414692609423
2009-02-28,-2.637424321392117,-2.673359295998326,-0.410421858567221,-1.374376010540864,-0.7027356771029543,1.35518942920378,,,1.348487951475095
2009-03-31,-1.9946842576190875,-2.10632256288838,-0.3028591667518215,0.1917406300464197,-1.010598764667358,-0.018244590500624356,,,-1.0045198963676363
2009-04-30,-2.3302925910985555,-2.408657674850843,-0.3004672841592905,-0.23068773420556452,-0.5064629383177136,-0.7008446247530451,,,0.29221171285552955
2009-05-31,-1.0164767050629566,-0.946400441122678,-0.06456939803244535,-1.2559818642731833,-0.2820945659267859,1.3407911434040674,,-0.07060391761396519,1.6205168096415359
2009-06-30,-1.3475327206949328,-0.9467565131101742,-0.31660119580459656,-0.8968963372053509,-0.057207250462779156,0.4289671264150303,,-0.07060391761396519,2.1245842007570954
2009-07-31,-0.025629597389819996,0.22934983492780414,-0.19629538097998447,-1.0822868294338819,-0.015414866234127324,-1.3757228831846235,,-0.07060391761396519,-0.28317177822388484
2009-08-31,-0.3566856130217952,-0.35923529869556825,-0.1310432858763813,0.44104193923467633,-0.23175106970316353,-0.47337787838479733,,-0.07060391761396519,0.4527242197252746
2009-09-30,0.6291538405515122,1.0995098420910063,0.14302937262975746,2.7124454851577617,0.5840156809518501,-0.47337787838479733,,-0.07060391761396519,-0.019639529635821093
2009-10-31,-0.031009440551605164,0.21880811557390786,-0.06727656244542916,0.2416619286659102,-0.08845715548195314,-0.6994558175772253,,-0.07060391761396519,0.6165415634421824
2009-11-30,0.29392665350592057,0.5043924003672763,0.3427322916207259,-1.0030788120262863,0.40374687429935974,0.8801413375499395,,-0.07060391761396519,-0.5640601182540966
2009-12-31,0.29052800609035423,0.7859022354520324,-0.3110345693868174,0.3010708625144414,0.09139976722157814,-1.3749382337715612,,-0.07060391761396519,-0.04057396166419887
2010-01-31,0.6109848231290533,0.7774362339676674,0.05226369225172661,0.6506364517980894,0.42652526067788543,0.20308620505951702,,-0.07060391761396519,0.16776751157631903
2010-02-28,-0.6865811590423652,-0.36749039378391474,-0.17667085092628845,-0.5860210478819576,0.33500787277928784,0.65015375010954,,-0.07060391761396519,-0.4949032583355749
2010-03-31,0.28268871934229584,0.7674076601002734,0.1583123465166174,-0.11598690162988916,0.3040386059638245,-0.47337787838479733,,-0.07060391761396519,1.4903552380089649
2010-04-30,-0.04224782273970983,-0.086830251222858,0.3094720767059012,-0.5860210478819576,-0.31468588910240863,0.4219540683353735,,-0.07060391761396519,1.6088151107180988
2010-05-31,0.2771658032627034,0.4748669789481635,-0.010182456443869716,-1.2359540048861517,0.2742142954141277,0.19609733026472903,,-0.07060391761396519,-1.6022575198052356
2010-06-30,-0.3660629756750329,-0.09075371948954893,0.37917013416626777,-0.8847521353240266,0.09293270950991409,-0.6963442068449116,,1.7121450021386555,-0.8048801605097976
2010-07-31,-1.007099342409704,-0.9331554273602002,-0.05264414962088627,-1.2452672927929318,-0.024247293251596757,0.8615521496872626,,0.6587024586484708,-0.8778144909298448
2010-08-31,-0.3660629756750329,-0.37177074715855024,0.0366630145932894,-0.11195803546083166,0.14426001784861953,-0.69538931881158,,0.9828386258762196,-1.3014034068225362
2010-09-30,-0.3664269941331046,-0.6524630872593637,-0.1545042844669821,2.368233527892079,-0.17651846550590472,-0.029544994508122008,,1.3069747931039695,-0.030294779470623395
2010-10-31,-0.36679018668395513,-0.6524630872593637,-0.22236881776003412,-0.29248994632999725,0.3706674532088204,0.6328907273256983,,0.334566291420721,-1.0243669111176295
2010-11-30,-0.048085502375064815,-0.09204947466024557,0.16359822081401262,0.6399006603459972,0.32675062332684157,-0.2526896225227872,,-0.07060391761396519,1.625656400738325
2010-12-31,-0.6865811590423652,-0.9325082979023727,0.05174514377068404,-0.6416975705308436,0.5610500776377759,-0.47337787838479733,,-0.07060391761396519,1.0628084976998526
2011-01-31,-0.04952843164236174,0.18670594517054115,0.32233404251389425,0.9234244215517566,0.18094451066803743,0.18756172543463115,,-0.07060391761396519,0.4664905745920618
2011-02-28,0.5832214921086505,0.18381723366408378,-0.21066714979098852,-0.23573703868740345,-0.3475216547743916,0.18588065637822893,,-0.07060391761396519,0.913192955592205
2011-03-31,-0.6865811590423652,-0.37434148466690104,-0.1375025372755812,0.10908899546059754,0.15611745036204422,2.3641901922693536,,-0.07060391761396519,-0.23695700025366684
2011-04-30,-0.05381835261320136,0.45685022527477337,0.18270460630005161,-0.4658813309349264,-0.15328699200631662,0.39350701278081673,,-0.07060391761396519,0.4648772989137455
2011-05-31,0.5746992981340853,0.4518078746328573,-0.3547493828828994,-1.3892916569634444,-0.3978971264857664,1.2517422391516322,,-0.07060391761396519,-1.282725380641524
2011-06-30,-0.05805088326526437,0.17245856556161834,0.07267636623485513,-0.9312752053747364,0.27940424623630844,-2.198497995921226,,-0.07060391761396519,-1.3730841784384866
2011-07-31,-0.3728407683903768,-0.6524630872593637,0.11228313982536718,-1.5190295689869566,0.5307009172780589,-0.04102024543834391,,-0.07060391761396519,-0.0017364307155247661
2011-08-31,-0.37318956267095754,-0.37811049646296135,-0.04660169738961867,0.4093531192793425,0.33952157277678213,0.1738093263942902,,-0.07060391761396519,-3.221012191499958
2011-09-30,-0.3735375822831907,-0.10468564361048151,-0.11362970485013586,1.9622350351421538,0.10088703345038291,0.17219740142607118,,-0.07060391761396519,-0.7401509422620024
2011-10-31,-0.061534978565851405,-0.10591798985621585,-0.2205860962576287,0.1069580345067824,-0.18945674651533914,-0.04388591457804826,,-0.07060391761396519,0.5823194080904004
2011-11-30,0.2483971836657346,0.16505600164218442,-0.23743404291253192,0.2192877295066584,-0.058374804692105674,-0.25889847777141667,,-0.07060391761396519,-0.6930513191954317
2011-12-31,-0.3756095754908391,-0.6524630872593637,-0.02203123774535071,-0.06675268378032054,0.32700528981917565,-1.9784740908396967,,-0.07060391761396519,-0.5565387654295307
2012-01-31,-0.37595224397187216,-0.38056692756153415,-0.053695950778647514,0.4417524576470677,-0.25469469081689494,0.6025819101309988,,-0.07060391761396519,0.18255950546463517
2012-02-29,-0.06634831938779233,-0.10958198239579171,-0.2921786652594452,-0.4074763921614199,-0.4311844875297388,0.5981339446102139,,-0.07060391761396519,0.5316756324049791
2012-03-31,0.24121686522264163,0.1595906827582079,0.4718000422220964,-0.06887616455368108,0.1011188539379325,0.593722603086497,,-0.07060391761396519,0.9366207100840421
2012-04-30,-0.06974128074436019,0.15688533481371442,0.36640413568842733,-0.23831657257408947,0.196808568009415,0.5893474350776611,,-0.07060391761396519,0.22250244735874167
2012-05-31,-0.07108809377698815,-0.11439156424026489,-0.15593037846422203,-0.6893467697344838,0.0024615815883701877,-0.6855746490177597,,-0.07060391761396519,-0.8391023158615796
2012-06-30,-0.07242903833627938,0.1524162574706114,-0.11440585175138548,-0.4074763921614199,-0.11147267951156913,-1.5369753529425083,,-0.07060391761396519,-1.0583269587194648
2012-07-31,-0.3800061294754293,-0.6524630872593637,0.029848609736363642,-1.2577674389859739,0.038893740976736736,-0.6866221033715478,,-0.07060391761396519,-0.13559371901456985
2012-08-31,-0.38033918226186286,-0.11735451555803704,0.163938520160319,0.7815085541249165,-0.30313759891742204,0.1658292047560167,,-0.07060391761396519,1.1006431816052553
2012-09-30,-0.0750934747935218,-0.11853057930085752,0.17775513169983428,1.6084728101077044,-0.18118351017616838,-0.048113893158392575,,-0.07060391761396519,-0.03289786330305104
2012-10-31,-0.07641704224426327,0.14624182941356173,-0.07519418235381943,0.03752513254118136,-0.21639304095886153,-0.04881047657456014,,-0.07060391761396519,-0.09310467323367815
2012-11-30,-0.3819936503144181,-0.3868105803827085,0.00017706305023618984,-0.5728846326499584,0.3218969957612331,-1.1104900570508625,,-0.07060391761396519,-0.1757076007455955
2012-12-31,-0.3823224010622641,-0.12202795659509386,0.1587047132106872,-0.35100397475591977,-0.18298662409093253,-1.9660914946524375,,-0.07060391761396519,0.13636256469479163
2013-01-31,-0.38265044291344363,-0.3876791991060605,-0.18598455236822514,0.47918795724053687,0.4185454942828525,-0.2596060387610161,,-0.07060391761396519,0.7118780093325328
2013-02-28,-0.07970102819367639,-0.387967477756548,0.345177462529668,-0.2958376753790154,0.1286420508357031,2.5010619527692346,,-0.07060391761396519,-0.11111633394514268
2013-03-31,-0.6865811590423652,-0.3882551293733958,-0.5446391062968687,0.364128347064491,0.17729045827249076,-0.0512306501334181,,-0.07060391761396519,-0.49878269295035177
2013-04-30,-0.08100474591254239,-0.1249076284120887,0.06465040310818013,0.3603864421672553,0.0025320740974470934,-0.8955251066361635,,-0.07060391761396519,-0.608162596179972
2013-05-31,-0.08230287426715206,-0.12605076139614796,0.19202464454153148,-1.5570850876633635,0.1055100849644161,0.1595854174878575,,-0.07060391761396519,0.7195613051605009
2013-06-30,-0.3849270779273264,-0.3896840531676003,-0.19578955536860113,-1.4012997107825782,-0.5533893499030085,-0.47337787838479733,,-0.07060391761396519,1.5904313983432643
2013-07-31,-0.38524953024011904,-0.12775620222487455,-0.3318874678826002,-0.9070675022540151,0.42234511447096795,-0.262733136314796,,-0.07060391761396519,0.6049290505206164
2013-08-31,-0.3855712939198575,-0.3905340124724372,0.04470555836251553,-0.017093017843706614,0.2814931389647152,-0.47337787838479733,,-0.07060391761396519,0.7348319305921978
2013-09-30,-0.38589237117025,-0.6524630872593637,-0.24559859953262791,1.9090322792997103,0.1807086778992839,-0.05260125862037277,,-0.07060391761396519,0.8727689829991154
2013-10-31,-0.6865811590423652,-0.39081611169209424,-0.1001437050698497,0.08563178535968058,0.3898310331050046,-1.1047992402192461,,-0.07060391761396519,-1.0738710878902393
2013-11-30,-0.3862127641854532,-0.6524630872593637,0.03890467703878576,0.3555518662284451,0.0862949651608582,-0.47337787838479733,,-0.07060391761396519,-0.209941152086505
2013-12-31,-0.6865811590423652,-0.39109760392025145,-0.2713226856743423,-0.45946616076282853,-0.5967947889527531,-1.1063411742574354,,-0.07060391761396519,0.3558013321905085
2014-01-31,-0.08680282234892443,0.1299504499996676,-0.14611884743063136,-0.02587665452968307,-0.1209158721064161,0.3702301595578644,,-0.07060391761396519,-0.5287097599786318
2014-02-28,0.21070037912666387,0.12743868472412553,-0.15367890431588338,-0.18873141566803514,0.34731995823801054,1.623707516035328,,-0.07060391761396519,-0.5101438943221999
2014-03-31,-0.3881208750451571,-0.3930512170888206,0.10053439790904335,-0.18892486601280326,0.10115695367134131,0.9845515467569538,,-0.07060391761396519,0.3254520137755879
2014-04-30,-0.09060691612217468,0.12411464379484954,-0.18192901872692888,-0.29702051446794453,0.035488317211489644,0.35605752012578623,,-0.07060391761396519,0.17027462918450842
2014-05-31,-0.3890658682044828,-0.3941545107375262,-0.15238832837104008,-1.4347669310653703,0.47906244935271397,0.7658197370252917,,-0.07060391761396519,-0.5517752419739722
2014-06-30,-0.3893795375201579,-0.13666842783243377,0.07572739869367996,-0.5143161180551238,0.30035791014012725,-0.26741971033596057,,-0.07060391761396519,-0.002716485780541207
2014-07-31,-0.6865811590423652,-0.6524630872593637,0.19183772610764535,-1.2801633018081848,-0.02827378354704661,-0.8854579983311519,,-0.07060391761396519,-0.27337122757369353
2014-08-31,0.20314828625549136,-0.13776121394621968,-0.4325048782563908,0.4146468022831909,-0.3904987049393382,-0.47337787838479733,,-0.07060391761396519,-0.005086851519195274
2014-09-30,-0.3906276285490083,-0.3955205002923244,0.07217653947266123,2.50908926260394,0.24217501291225182,-0.2672559264872939,,-0.07060391761396519,0.7642107905645236
2014-10-31,-0.39093801510880943,-0.39579196636178865,0.0336528741939378,-0.5647734259487766,0.12515988229643407,-0.26741971033596057,,-0.07060391761396519,-0.7806067036668722
2014-11-30,-0.39124775130373846,-0.3960628594157443,-0.11598919720118317,-0.0838446375641566,-0.10451616015821073,-1.5048091672183124,,-0.07060391761396519,0.08373708647887886
2014-12-31,-0.6865811590423652,-0.39633318126636297,0.10207574135401934,-0.19095999753537007,-0.013226289267300871,-2.3403607943044986,,-0.07060391761396519,-0.5447817033827068
2015-01-31,-0.6865811590423652,-0.9085929932523511,-0.18407322973334253,0.44640208207080956,-0.6055525347537998,-0.8900955579378245,,-0.7188762520694638,-1.9708038082090429
2015-02-28,-0.39155683917575224,-0.14047302772562018,-0.042354392634074485,-0.5101114744231469,-0.3128172859653819,1.8103227170879168,,-1.2050805029110874,-1.4491913921473696
2015-03-31,-0.39186528075819244,-0.6524630872593637,0.03735994028886954,-0.1389019926601341,-0.2326723881807661,1.3802534364360826,,-0.07060391761396519,0.5721931720667015
2015-04-30,-0.6865811590423652,-0.39687211856947774,-0.3467993201713328,0.49411043531315413,-0.20469204912607283,-0.6786835056348076,,-0.07060391761396519,0.07659959855126017
2015-05-31,-0.09807215217962996,-0.6524630872593637,0.021224746599753846,-1.0901913495102225,-0.22907201338603247,0.9603582039101196,,-0.07060391761396519,1.1358909759785691
2015-06-30,-0.09929821349847323,-0.1420864429674821,-0.1740274222801434,-0.1922680046528528,0.11043991212912213,0.13866099123585285,,-0.07060391761396519,-0.31739393357566853
2015-07-31,-0.3933978649055958,-0.14315641575266946,0.035402382151969766,-0.45680735982243637,0.08960242059813767,-0.269685655051989,,-1.0782446113871855,-1.1375290831599878
2015-08-31,0.19114361411655797,0.10950050652680796,0.02955899056013447,-0.24520058968939842,0.04987083615584545,-0.47337787838479733,,-0.8457121435933658,-0.1312062632002381
2015-09-30,-0.39461250331749226,-0.39900537691275373,-0.12291502281265837,1.852056730547566,-0.5997014010981196,-0.880922523433708,,-0.07060391761396519,0.4191060517972852
2015-10-31,-0.10354948915547972,0.10632730575524713,-0.07504803625079753,-0.03917506982612481,-0.07140072736741916,-0.2695254566686707,,-0.07060391761396519,0.20036004048277883
2015-11-30,-0.3955168978688731,-0.1479162946252537,-0.2952026079771788,0.11540246189694779,0.07668878557457899,-0.6772303001009008,,-0.07060391761396519,0.7085527796627251
2015-12-31,-0.3958171189239326,-0.4005820970116551,-0.16274901794820593,-0.5062950743906676,-0.05296801643098154,-1.6998707387247824,,-0.07060391761396519,-0.7265213392647576
2016-01-31,-0.3961167212851696,-0.1494832112514747,-0.10423008479385687,0.42368383605769416,0.45851157205130516,0.14059400170904895,,-0.07060391761396519,-0.7626238328226806
2016-02-29,-0.10654862538159257,0.10005953818482256,-0.022118711237285024,-0.145163900691897,-0.4817174814969267,0.13914310186135376,,-0.07060391761396519,-0.24440262320997957
2016-03-31,-0.1077396581160379,-0.15207322274777696,-0.10674858772618266,0.008467962947515529,-0.5631086995015333,1.15296998816791,,-0.07060391761396519,0.6669118353885277
2016-04-30,-0.10892580956368772,0.3452352075055908,0.03674543062763585,-0.14601736532606419,0.05652198328097686,0.335985279956764,,-0.07060391761396519,0.37939102968574384
2016-05-31,1.612275307118296,1.5774890714346594,0.04145364898500921,-2.1033215074864478,-0.7661010613400583,0.5347849673012033,,-0.07060391761396519,-0.15063642466370505
2016-06-30,-0.40053779416174423,-0.6524630872593637,-0.0863766483266467,-0.8186582048297883,0.32292157304696495,0.129642961696219,,-0.07060391761396519,-0.5924589231614054
2016-07-31,0.4546985856936752,0.5776114056566531,-0.200414563156167,-0.6636695237086937,0.43845343793810526,-0.875235851673564,,-0.07060391761396519,-0.04050558572943062
2016-08-31,-0.4019817286069439,0.08260311144962139,0.18537138438721315,-0.038338425803144324,0.0686174178597493,-0.875859854988308,,-0.07060391761396519,0.22082723695690584
2016-09-30,-0.11824283769314073,-0.6524630872593637,0.10615595841169181,1.7152568129993397,0.0927719296809337,-0.27205876857349565,,-0.07060391761396519,0.18315209689929898
2016-10-31,0.4466694602584989,0.5677262851291246,-0.015072219138397508,-0.04375561134062513,-0.2272286195643178,0.129642961696219,,-0.07060391761396519,0.2290665370965462
2016-11-30,-0.12165970364252489,-0.40915891736744714,0.022356535959800975,-0.04444839290554968,0.2169072817692923,-1.4791934240036897,,-0.07060391761396519,0.9714240608813586
2016-12-31,-0.40454440524845975,-0.40940234329095854,0.0418124724391541,-0.5041953633003793,0.11942317048933132,-0.8767995020051648,,-0.07060391761396519,1.3117652761930396
2017-01-31,-0.4048263011013033,-0.8955238312277746,0.2897524405962068,-0.04479361344740915,0.3140520870206306,1.7377109461300742,,-0.07060391761396519,-0.008482856279378339
2017-02-28,0.4376305479128212,0.07599081185258116,0.13926326950144444,0.10702231902046895,0.21350185068137462,-0.07338035941620975,-0.4597825055047531,-0.07060391761396519,0.03647372104220341
2017-03-31,-0.126152123754107,-0.16803781542019658,0.021580569935501864,-0.09721009305135646,0.26893974613812405,-0.07399668865708048,1.3983446200325746,-0.07060391761396519,0.38266822408787676
2017-04-30,1.5440592589352613,1.2756358693623406,0.053038048678278944,-0.6556135337289521,0.3088799398370714,0.5223910791289585,0.24843715082381407,-0.07060391761396519,-0.6464662628507739
2017-05-31,1.2508540405993698,0.5448739511436514,0.12079449346229039,-1.3713265342444094,0.07274830194984358,-0.27468232181555846,0.8095421786794122,-0.07060391761396519,-0.3055918873612332
2017-06-30,-0.1354652222099472,0.301175795111987,0.2244309629725408,-0.2998055772580231,0.06410738329817524,-0.6720734349540362,-1.569437935380303,-0.07060391761396519,0.6501597313701729
2017-07-31,0.41242885638013926,0.7710128212725519,0.14480446069945235,-0.7611320171334399,-0.23582208101971613,-0.47337787838479733,-3.1818655657610386,1.117895362221115,2.26601982182635
2017-08-31,-0.4124968283572186,-0.4160258974715085,-0.012650286224960406,0.5190441027327377,-0.24054719414769588,-0.27468232181555846,-0.4691092289613175,0.5236457223035754,-0.0036509568890497686
2017-09-30,-0.1392106726860546,-0.41625578296208354,-0.09357540600046466,1.7247209696944847,0.11248753755716637,0.12179652974120178,-1.7651730842962492,1.4574665850311384,1.289132841784568
2017-10-31,-0.413293971470189,-0.1807363500507339,0.0660953183753002,-0.2505552498696714,-0.12416541574816244,-0.2752897213598833,1.7209614930574118,0.18407449949355195,-0.12556524858181342
2017-11-30,-0.41355865643903283,-0.41694276505034517,0.322715910738539,0.0500504250573557,0.3370885333798223,0.3174643548123959,0.8505845283445527,-0.07060391761396519,-0.3762770094007285
2017-12-31,-0.6865811590423652,-0.6524630872593637,0.2838411283653096,0.04887085159003689,0.0958591386227018,-1.462308268606938,-0.012887665671380699,-0.07060391761396519,0.5301119827388187
2018-01-31,-0.6865811590423652,-0.6524630872593637,-0.3869869476399506,0.891077959901102,0.15255198108626464,1.3039891375679233,-1.8567966422107167,0.7820151309633758,1.4356192851931888
2018-02-28,-1.232890849217879,-1.3597101466770405,-0.1693091925057456,-0.005244878088517653,0.3579773401078289,1.0963367804410329,0.8338431926793266,0.8595259535613147,0.5534257773393731
2018-03-31,-0.6865811590423652,-0.6524630872593637,0.2272837732390536,-0.35100397475591977,0.23660008985217018,0.30792894033622525,1.802997390567998,-0.07060391761396519,-0.32375949318708386
2018-04-30,-0.6865811590423652,-1.1251075813445188,-0.23253421144409966,-0.20309025976861275,-0.18208050421416483,0.30558090728864007,-1.0673778701976024,-0.07060391761396519,0.3833796258805907
2018-05-31,-0.6865811590423652,-0.6524630872593637,-0.0783909282535988,-0.9931288589750868,0.1821822365714903,-0.27900341044440086,0.7187947655893515,-0.07060391761396519,0.6139204859427115
2018-06-30,-0.413293971470189,0.05615927222896402,0.20307151879427196,-0.6483952919083584,-0.057269582336169036,-0.08506568463189099,1.3014703011737478,-0.07060391761396519,-0.6444246335856926
2018-07-31,-0.41355865643903283,-0.41671421545388243,0.382455781933721,-1.1472425196960656,0.05445427703755806,0.8811518081541071,-0.013874918129395246,1.1449067094900942,0.17528886440088837
2018-08-31,-0.6865811590423652,-0.8882119590648185,-0.48191523619970633,-0.45086247571888266,-0.06906515882991303,-0.6664492771455034,-0.47952033202601113,0.49663437503459634,0.6773961453864115
2018-09-30,-0.6865811590423652,-0.8884409526625445,0.4201892492807222,1.9273873322443986,-0.0002620372172915696,-1.440898004588683,-0.04575267381228617,-0.07060391761396519,0.2925715861964168
2018-10-31,-0.6865811590423652,-0.6524630872593637,-0.027448687137946196,0.13928628954147015,0.05491573476985008,0.3009269270184722,-0.16128990687209135,0.3944610179736755,0.7612526317024217
2018-11-30,-0.6865811590423652,-0.6524630872593637,0.1913990246141864,-0.1553818648207847,-0.3216096839767586,-1.635704224592696,0.9595031548867984,1.2470800665510149,-0.2954794464822702
2018-12-31,-0.6865811590423652,-0.6524630872593637,0.007494820403208475,0.03939785257787222,-0.002238618923404009,-0.6676066929073214,1.149521866654984,-0.07060391761396519,-1.7675953283873949
2019-01-31,-0.9596036616456751,-0.8886703915566528,0.03260973924077655,0.7168564042961245,0.015008281086281373,-0.08506568463189099,-0.6812660625523981,-0.07060391761396519,-0.5645567434645239
2019-02-28,-0.6865811590423652,-0.6524630872593637,0.13506818499468065,-0.15774545898970038,-0.5078920061693422,1.2668636960751993,-0.5068138449666079,-0.07060391761396519,-0.32272185838752027
2019-03-31,-0.6865811590423652,-0.6524630872593637,-0.3229382977605085,-0.4959221014087842,0.41107922225319316,1.2552577007708945,0.8029352750941373,-0.07060391761396519,-1.086583013868221
2019-04-30,-0.6865811590423652,-1.1255678002273508,0.5771703122842847,-0.10955950897634924,0.49062487991938897,0.672674132490582,0.026290357834565133,-0.07060391761396519,-0.06288730837708204
2019-05-31,-0.9598683466145601,-0.8893613930437345,-0.051000681173822296,-0.6891464125698475,0.13484174262247672,0.6676291329875071,0.38670330000870046,-0.07060391761396519,-0.1463059487950146
2019-06-30,-0.9601335452854881,-0.8895926261753856,-0.06446771106629791,0.3725599627056379,0.015899445906547956,-1.0432535367125297,-0.887026473414929,-0.07060391761396519,-0.9747943584102533
2019-07-31,-0.9603992591555593,-1.1274176732039372,-0.16653516602416676,-0.9778699401831247,-0.12125953290787111,0.8543882054484944,-0.9728639358328928,-0.07060391761396519,0.5951171038812917
2019-08-31,-0.4127630589291427,-0.41486972521045035,0.22776715893709276,-0.49607673575428735,-0.16410248705328373,-0.8520460843044034,0.8796394182698831,-0.07060391761396519,-1.1796942429340778
2019-09-30,-0.13974158522703575,0.058925981336728536,-0.07864358872905877,2.1419367563707232,-0.10085394784827505,-1.6127130792247124,-0.20959980164002764,-0.07060391761396519,0.9017261913737006
2019-10-31,-0.41355865643903283,-0.4157955640792265,-0.19955463954150193,-0.16111938669839776,-0.08206828643366734,0.2867351028691716,-0.28033529236193394,-0.07060391761396519,0.4359721157069209
2019-11-30,-0.9596036616456751,-1.1260289162238792,-0.3288468436901279,-0.35100397475591977,-0.18166542181769402,-0.8531557351211327,0.2282935713776504,-0.07060391761396519,0.2703656016968983
2019-12-31,-0.1408003265935385,0.057539931493016575,0.3909393284891944,-0.4459131185396611,0.33626880843883383,-0.47337787838479733,-0.36407043215089147,-0.07060391761396519,0.6348435219819629
2020-01-31,-0.6865811590423652,-1.1255678002273508,-0.0249003374636021,1.112694007335253,-0.12550186351973364,0.28562219793747884,-0.4577769518718934,-0.07060391761396519,-0.5653250730473206
2020-02-29,0.4018206251127956,0.5285756672145536,-0.14080457395010212,0.30489075055972453,0.04469139111947676,0.6609711568282821,0.9957597646491521,-0.07060391761396519,-1.0314744096001776
2020-03-31,0.12697124373360358,0.288251324689295,-6.967767302659688,3.291957769372207,-8.312130244068802,-1.986949133183835,3.2771719324841277,-5.742986844099577,-3.026486255816142
2020-04-30,-0.6865811590423652,-0.6524630872593637,-12.997517782029847,5.264551761888464,-11.87570310154309,-2.1867774834716784,0.48518254945301237,-5.094714509644079,-1.0961616426248657
2020-05-31,-0.41591794871226834,-0.4178525491503898,2.094188556561758,-1.0952579119247245,4.478967378520905,0.2895316962347038,-0.44556184125549386,-0.07060391761396519,-0.554282359582161
2020-06-30,-0.41617757773090686,-0.41807889799211584,6.824465416990262,-3.3694431064805697,5.802932420713949,1.613118386220586,-2.0754575018145522,-0.07060391761396519,0.08058819474610587
2020-07-31,0.3924468068528065,-0.18437201116992538,2.5505052495452403,-1.840344118582091,2.4638154700451347,-0.47337787838479733,-0.27985573407366743,-0.07060391761396519,-0.22334283530119023
2020-08-31,0.6564214378822368,0.9787894237586676,1.3136210748291868,-0.7145264986806615,0.8566625191198186,-0.851493687017282,-1.415950664909975,-0.07060391761396519,0.19928881750473523
2020-09-30,2.775573133942982,2.8066251567081975,2.457044354566087,0.46555909815846175,0.7952341550366805,-0.6626428308260478,0.009104271847390799,-0.07060391761396519,-0.06990723768001299
2020-10-31,1.4230317692066747,2.0797778202775477,0.2317439833900299,0.5505732213286244,0.47384136819554784,0.6601443691809311,-0.08988731748882213,-0.07060391761396519,0.08001839528969952
2020-11-30,0.8853320882440451,0.9272678421441211,0.0702267660354425,-0.8912325383301708,0.5310060360718976,-0.09663603756485976,-0.7729142082948823,-0.07060391761396519,0.3991744668121808
2020-12-31,0.0961006354828309,0.02143247198979192,-0.47868013418056415,-0.08062136734680023,0.10789695003581022,-1.0386961850357046,-1.3783161961959836,-0.07060391761396519,0.11185878891370216
2021-01-31,1.3900080613628736,1.5804496296412724,-1.3311778135318142,2.1027636503593,0.4187258531395192,1.0314062659241001,-0.46328231102067824,-0.07060391761396519,-0.06363944365954066
2021-02-28,4.692782395978151,3.0970133239553186,1.3113047599444403,-0.8382274225402004,-0.015118223939149338,0.836179859244242,-0.1567101262220441,-0.07060391761396519,0.8315862774456506
2021-03-31,2.3418710145706867,2.3924726617819916,1.2993444663041673,-1.0182260383234585,0.923920460793974,0.8295967763938384,-0.6873777635116506,-0.07060391761396519,1.9308276899227683
2021-04-30,4.536161923485241,3.419837534753135,-1.3108015489264564,0.759220575741246,-1.2495575698136834,0.8230795483053963,-0.44008412623846893,-0.07060391761396519,0.07576719586711726
2021-05-31,3.2287000011787246,4.187542336629166,-0.429840186601924,-1.193946637827716,-0.3869100933533909,0.8166271917142217,-2.0438758656568146,-0.07060391761396519,-0.09347414319699114
2021-06-30,1.0094015959428306,2.0411333881009956,1.475580761813865,-1.4232987973409181,0.8021209407361319,0.26089553292667095,0.4885903617430905,-0.07060391761396519,0.02650283034398948
2021-07-31,0.5186182479192164,0.7856589587122461,0.5862127368575023,-0.1269107264793635,0.5312685568231796,1.1711712180911362,1.6673929736722168,-0.07060391761396519,-0.24453937507951723
2021-08-31,1.2310841403958728,1.1841292296588706,0.25039143878451053,0.05143542007033557,0.6946754684668272,0.07249457507753428,0.3771384829510659,-0.07060391761396519,-0.0879584844589754
2021-09-30,0.5053686587129679,0.5642632957846373,0.8528713886946913,1.5554892729841365,0.3239566544903356,0.07134738168557168,0.3411858586762114,-0.07060391761396519,0.2866048862044875
2021-10-31,1.9181016568100073,1.96305659714076,0.08323041423746899,-0.35100397475591977,0.6996473036829755,1.3341492572801459,-1.279786119604455,-0.07060391761396519,2.0116271565190473
2021-11-30,1.4267660211253583,1.3404865087905116,0.7268435960435676,-0.04315930153819389,0.3078379918847733,0.06643142644546533,0.6948171231958812,-0.07060391761396519,1.1283696231540004
2021-12-31,0.01436170994722713,0.33791412343221944,0.27809280225250677,0.7427858583245261,0.25525633740488596,-0.8331258068514394,1.170216187325878,-0.07060391761396519,-0.8250510612665919
2022-01-31,1.868733273516608,2.099304769258019,-1.2963326710897292,1.46698185373975,-0.4257389294707141,1.8561078536605575,-0.9691312068680932,-0.07060391761396519,1.4932805910259355
2022-02-28,2.3037726719311165,2.647600670179671,1.718902824927997,-0.9543022075755915,0.9279503985789479,2.188730501859175,0.5121103858783776,-0.07060391761396519,0.8011050054724032
2022-03-31,2.7248648145036354,2.9835596282880896,-0.023879738331228032,-0.48063119857447806,0.44593609574891613,3.208229609039511,-0.3295844818114106,1.5571233569427756,1.3913212239298771
2022-04-30,0.21620812146665475,0.673524105815687,0.21955274405076036,0.8969120330540359,-0.15377172522357085,1.0885853804751533,-0.18088179372355837,2.1218450644420526,3.3923022736044923
2022-05-31,0.6622047246727442,0.8541413898893159,0.1723078102245647,-0.7370638923212488,0.06841544496914449,3.1350099680723496,1.1645222264200903,1.4574665850311384,0.7130655913574664
2022-06-30,-0.23841618085863153,-0.27726734730726715,-0.20132440899252926,0.29182153933277893,0.25897030698340523,1.2274047387644582,-0.22462275868796866,3.332825838277402,2.5328910952289614
2022-07-31,-0.4627655761041179,-0.6524630872593637,0.07614453295795479,-0.9508797671324798,-0.018706281184990747,-0.13455646954782582,0.6514951757624311,4.166318839720187,-1.072913824803478
2022-08-31,-0.46294313707708845,-0.2778459068889441,-0.1658019674305983,0.8035392928432747,0.1358413008978959,-1.3212632954080776,-0.12912138307981993,2.9855370876762404,0.2552887080803816
2022-09-30,-0.9102191810076418,-0.8396994690372109,-0.046613173473322424,1.5936926685460366,0.053855569293692035,-0.3035787626814485,2.0166018322046817,4.0042507561063125,1.7304311247823723
2022-10-31,-1.3585617201643316,-1.215039625804037,0.35578119030693156,0.2353810381467831,-0.2875615573308687,1.3871075968369062,1.8785012478434517,1.7121450021386555,0.9349454996822063
2022-11-30,-1.1354597760277352,-0.8402784760735756,0.09878685544436017,0.4407804902400069,-0.29039949976599333,-0.13653788185478535,-1.2672967823413355,2.9855370876762404,-0.8268060435923252
2022-12-31,-0.6865811590423652,-0.8404237878009421,0.2859388634946956,-0.5173126718837517,-0.4766158619193012,-1.9926170488165944,0.6926010704078057,2.645965864866222,-1.4810383834492866
2023-01-31,-1.361242139794765,-1.2172193121437418,0.4189772581353502,1.0973454408668541,0.8203762590886691,0.8774960111342202,-0.8709227017078855,1.1178953622211112,-0.14399256300200297
2023-02-28,-1.362860680283693,-1.4075194629895502,0.12285366683616362,0.22404304605477598,0.18132406273396542,0.5351772495537578,0.12171176228536718,1.3725737793286337,1.5105269210991128
2023-03-31,-0.6865811590423652,-0.841594426769958,0.2632513946545352,-0.5150550872082522,0.13842169928410364,0.8652866380467351,1.1299473207144144,-0.07060391761396519,-0.9951334608372499
2023-04-30,-0.9123686856525731,-1.0311680639180292,0.020310091976667714,0.6303465207900016,-0.16617324590501073,1.3560694015262558,-0.9992843189156493,-0.07060391761396519,-0.363219344237712
2023-05-31,-0.4607936324321534,-0.46303680605880077,-0.06554552525886162,-0.799910512690752,-0.14790774636119153,0.5190866686294853,0.153376078644888,-0.07060391761396519,0.8597499651035769
2023-06-30,-0.4609743347536956,-0.6524630872593637,0.2600110244760049,-0.8834479323670207,-0.3053636151764969,-0.14339904215444607,-1.1895424502085719,1.3069747931039701,2.4641732807863224
2023-07-31,-0.9121879833310146,-0.8418893684599229,0.043539969427541785,0.14055670395773062,-0.05627520182915544,1.0063502556694577,-0.39399265460360394,1.4381727655532974,0.9986034949519541
2023-08-31,-0.4609743347536956,-0.8420371845351107,0.2340752267285366,0.6674078504437966,-0.1256372471576114,0.5084351927048417,1.3449327949582135,0.6085385280060784,0.8425696118095648
2023-09-30,-1.3639440285760642,-1.2220745869710155,0.13837709857863767,1.783125192119726,-0.20846435605555236,-0.8002358546772037,0.22535829888728107,-0.07060391761396519,0.48766432239213103
2023-10-31,-0.6865811590423652,-1.0329474145732034,0.025463753724505468,-0.07162580492447108,-0.06277695774218667,-0.3098973678555444,0.8775595313952295,-0.07060391761396519,0.7690996699004911
2023-11-30,-1.3655755745986817,-1.4152241324793324,-0.019737834029359882,0.40442698357468515,0.10005014377185645,-0.14672586180429956,-0.057668837929413075,-0.07060391761396519,-2.1761367403197367
2023-12-31,-0.6865811590423652,-0.6524630872593637,-0.08485180482110166,0.32136825530135077,-0.30166025993757284,-1.2907810813615646,-1.4047323528754372,-0.07060391761396519,-2.4301341447409643
2024-01-31,-0.9132765567860456,-0.8435281331528518,-0.013938590853627735,0.8274836954177237,0.10728999042242733,-0.47337787838479733,-0.053783354113882395,-0.07060391761396519,0.4570696903165057
2024-02-29,-0.4598857612986978,-0.46139804136585394,0.09511276005510237,-0.11652732632608438,0.4542179286196471,0.3440253245919541,0.36017963001196857,-0.07060391761396519,1.0129624412534022
2024-03-31,-0.6865811590423652,-0.6524630872593637,0.015380081576381792,-0.39005534453439117,-0.12625818015384105,1.153735693697859,0.17092203793442484,-0.07060391761396519,-0.4576329757864685
2024-04-30,-0.007586743486027919,0.11029795796060098,0.16110381559343442,0.11687377847679555,0.19817440577897535,0.8209985485951113,0.6434689907639667,-0.07060391761396519,1.2372013193276663
2024-05-31,-0.2348251137973361,0.10791059554269494,0.04328593231935126,-0.31208674450621726,-0.01870299599506893,0.9751108758210651,-0.03849584817620198,-0.07060391761396519,-0.1252233689079681
2024-06-30,-1.138337204287424,-1.2225201184706005,-0.125542214751773,-0.4677891011485465,0.05432754182129877,-0.633921916252986,0.15790122164270415,-1.5859404994036954,-1.4450498497826436
2024-07-31,-0.009218289508665779,-0.08240605604810855,-0.039088313654559746,-0.03979962039624146,0.033913014901582814,0.6483477585424756,0.0027227735387755836,-0.7255703685665529,-0.2532573067625406
2024-08-31,-0.6865811590423652,-0.6524630872593637,0.058942599772488606,0.42390460892877707,-0.05128616732642438,-0.9535231361266859,-0.3181618005764048,-1.4657987243768889,-2.029265232436362
2024-09-30,-0.6865811590423652,-0.6524630872593637,0.060225804439161784,1.2620681687447384,0.10690273662177974,-1.5971878680183937,-0.5439701835832094,-1.5986744202590697,-1.0608520699946986
2024-10-31,-1.8164252042209188,-1.9846829187518245,-0.08277746640370577,0.33449668562227725,0.2560203152485413,0.6504321112488262,1.0082387079842428,-1.2554122058967598,1.1325699448310687
2024-11-30,-0.460249784457495,-0.46169810428782754,0.06782519783585861,-0.5791203755017512,-0.385262444677369,-0.47337787838479733,1.0473972383243666,-2.705971885943929,0.788723563179138
2024-12-31,-0.9129125336272527,-0.8432280702309084,0.36332372023440285,0.02897766707924742,0.036357888358014276,-1.4363449582020418,1.2468676444820201,-2.339557088208211,-0.7629999004639086
2025-01-31,-0.9130943989538481,-0.6524630872593637,0.1466678957728914,0.2547663081558103,0.2745742119778661,-0.31263471611578103,0.6809391765526707,-1.5221702317208419,0.24715197184289156
2025-02-28,-0.4600679191308965,-0.27108279962351206,-0.13779857942899243,0.2144647855603333,-0.35435767105524785,2.2441134298612004,-0.43794627491834104,-1.6983311921707054,-1.3056799016900902
2025-03-31,-0.6865811590423652,-0.8430783919236616,-0.24281797922569986,-0.6900029276556893,-0.09127368833222554,0.3204920863104122,0.2500765304609753,-1.1742103917465392,-0.38670134050846433
2025-04-30,-1.8209718725850315,-1.99097442550919,-0.11764240120976797,-0.04962985756023286,-0.3242917250371522,-0.6319574739410209,-1.7836636576884939,-0.7497463632340119,0.3056589800267229
2025-05-31,-1.3694132536813077,-1.6130779938025572,-0.08952945578798606,-0.3133791390518275,-0.3208399738390181,0.9503578145836508,-0.6420133298263638,-0.07060391761396519,0.5939775049684789
2025-06-30,-1.3710712854857967,-1.6168914809986794,0.22071896997536133,-0.8409408759356047,-0.2110316859993412,-0.31566668346644133,-0.933910786995546,-0.07060391761396519,0.45859315412626556
2025-07-31,-0.9151143794247034,-1.232963228054396,-0.2488740896274491,0.21415137534045023,0.39109437633080574,0.31374189094982907,0.06365268714645421,-0.07060391761396519,0.700416043425238
2025-08-31,-1.602571280688323,-1.623056441134503,-0.45742673149445773,0.2118118266957615,-0.22724637021700092,-0.6306107257004856,0.5221564344048522,-0.07060391761396519,-0.36262461442522737
2025-09-30,-1.1456947978275234,-1.2366858778245524,0.15220336062011186,1.3975480014624728,0.065242184080817,-0.3161450310691157,0.13020297734430517,-0.7999102938763994,-0.8867261544280435
2025-10-31,-1.8376473231159847,-2.0211382191077996,0.2591793435948441,0.6800967427191034,-0.4595787951544446,0.15460144963301672,0.7476304601524172,-1.2861145447180278,-0.3922997701148848
2025-11-30,-0.6865811590423652,-0.45646534098387725,0.145240061924269,-0.5712967741524432,-0.19432116501764474,-0.3166204857316775,0.2822652257632569,-1.69128475375271,0.36764116510573724
2025-12-31,-1.1483269001244072,-1.0446168339625783,-0.07722953767405372,-0.1307111753594034,,-1.100977073265923,-1.2445541912272744,-0.07060391761396519,1.0537037021753772
2026-01-31,,,-0.26092395171234933,0.05194142930024738,,,-0.140354387003803,-0.07060391761396519,-0.025280544254244603
2026-02-28,,,,,,,-0.5824450962180906,-0.07060391761396519,0.04867942518733382
