date,cpi_all_items,cpi_food,cpi_shelter,cpi_energy,cpi_gasoline,cpi_ex_food_energy,manufacturing_sales,employment,avg_weekly_earnings,usdcad,overnight_rate,bond_yield_10yr
2000-02-29,1.1846128975923982,-0.8475085684689116,0.5350347358922238,0.019135027129785806,-0.14934819464691423,-0.31614655175506906,,0.01757303541807093,-0.7608847282194774,,,
2000-03-31,1.447635029036209,-0.9469465121715077,0.0611826916441392,-0.5958313768483336,0.05397668394415118,0.43703371482941955,,0.06128597339399664,-0.1869033598436317,,,
2000-04-30,-1.2949263977135466,0.04966484067032559,-0.5509998372995325,-0.03617491700227481,-0.8629213575910951,1.5981894597595234,,0.060200719693231146,0.7921876263440787,,,
2000-05-31,0.6214425069015587,1.1131051685074804,0.5307765521588913,-0.09234815016018129,0.36025518208291085,0.316957184585634,,-0.026906213500823863,-1.658296190768219,,,
2000-06-30,1.1602305176751158,1.2584572380387726,0.060522121539147225,0.632674398835178,0.25538037159836624,-1.5796795766048128,,-0.051894101224972636,-0.9269209634021235,,,
2000-07-31,0.33958151524184377,0.701460157471666,0.4585717851080228,-1.0424124739394844,-0.6564908382685555,0.10981422513653973,,-0.10322289926894684,-1.095071557997358,,,
2000-08-31,-0.744081131033919,-0.4735767405816672,0.12553246184517933,0.5242905856557534,-0.25133308775408825,0.21430938632695204,,0.019606484302430446,0.7224576955915669,,,
2000-09-30,0.6077429417723422,-1.500665667498887,-0.19836723466635484,-1.5040457129037583,-0.6581985682903146,0.002344432535955052,,0.18475808879639866,2.1750966425498826,,,
2000-10-31,0.06549620521541254,-0.45794058366649165,-0.8715077669590464,0.19293709444448057,-0.25133308775408825,0.0019083052943624052,,0.04297986083731762,-0.10901516637540225,,,
2000-11-30,0.33283845077342944,0.811737730510165,0.9863180911486189,0.3045544964897288,-0.864864977446496,0.6282224492490592,,0.14000032764553624,-0.2704366580580739,,,
2000-12-31,-0.20519540143204545,2.0195052680068097,-1.4434389388261601,1.1365367188402973,1.1742220329890192,-0.6257070228102658,,0.23258662942113073,-0.029211296841084693,,,
2001-01-31,-1.5477766844957719,-0.6085178346389958,0.8182893585655431,-0.7592055881425505,0.35323272362183106,-1.6828754124027288,,-0.321420480577548,1.0081810177291894,,,
2001-02-28,0.8689262134388747,-0.6542273354793418,0.5415926697838326,0.01936394551901294,-0.45243460287964143,1.0569193426584649,,-0.2088297994232025,0.28394098756874026,,,0.10395667249780023
2001-03-31,0.3286805466006296,-0.0711496104795018,0.09047916597558538,0.24141836589978893,0.45069686003499093,-1.0500334638268167,,-0.09450635776248568,-0.0346400322415278,,,-0.705179016690843
2001-04-30,1.3884960955309875,2.3382984901154718,-1.1243364106716374,-0.4819420405188471,0.047980926785389594,0.10816165570233538,,0.12039563985672418,0.43670009976771035,,,1.715134978275051
2001-05-31,1.63822924503527,1.398491145050853,0.9841950917733202,0.2972457401984816,-0.052304785601282607,0.8395158757789366,,0.04765646365291518,-0.9019172615007333,,,1.540172520807631
2001-06-30,-0.2106324520829924,0.026692617175366234,0.2741397214000839,-0.0369189334650853,0.14549662774068042,2.0595299641495646,,-0.3069199527196049,-1.2212605233163574,,,-0.7319500490789614
2001-07-31,-1.2624145329152727,-0.3984332003008974,0.23606956473337876,-0.25880551045203215,0.045222267913742224,-0.004627916385432718,,0.04690977173813743,-1.8674209373346928,,,0.5144041363549356
2001-08-31,-0.47337787838479733,-0.5349100425941044,-0.07702054051319032,0.5704471112649979,-0.1526834191304248,-0.7182654120451518,,-0.11400362741125646,0.04969582295239398,,,-1.5196939320135445
2001-09-30,0.05291334984387048,-1.4683383723003944,-0.2259878815274482,-0.8107425696999615,-1.1428306826535108,-0.5155151832551259,,0.05031668705188599,2.2644030062041174,,,-1.2810590825607504
2001-10-31,-1.7911150371096314,-0.03635320266715293,-1.0378034510365128,0.24039766681664354,0.6401645071453242,0.8121351679383776,,-0.09991870940544474,-0.2725293157523643,,,-0.36573470415527404
2001-11-30,-2.8623195897828317,0.48062452526673194,0.8821412122560879,-0.3139524137130867,-0.25133308775408825,-0.41157407068986007,,-0.030887958692167185,0.27516796894634843,,,-0.2829723143080906
2001-12-31,0.05940409923636683,2.143485196783335,-1.6222789951378267,0.4049980695256343,0.5342557230890055,-0.005035678336015789,,-0.31383342506580675,0.35000937237987817,,,1.3749618036427405
2002-01-31,0.05831121236121443,0.08827072783139386,0.9539098337332269,-0.6452367651553086,0.04162219733760033,-0.005441810866605659,,0.2688281014119665,0.7323271989133002,,,-0.33614566835788046
2002-02-28,1.1151766803602334,-1.5014123101945036,0.7179563911399874,-0.25931637783169653,0.13789603779552123,-0.20830487451294358,,0.039111040950442336,0.033817518924895845,,,-0.0925477091623021
2002-03-31,1.3677139677751642,-0.7764327302416768,-0.2447546055962414,-0.036635117661914775,-1.3255127268293163,-0.7162245409344881,,0.44646058279841366,0.03273137157701957,,,2.0380011347727236
2002-04-30,1.0943588013133092,0.7998435989372129,-0.2136145936802623,0.12993518860982567,-0.15318494269760646,-0.7187781950364736,,0.2170823072877195,-0.1212815721168764,,,-0.01005790188787485
2002-05-31,0.04710089259212197,0.4860762821785936,0.29172185792812744,0.45941896766824236,0.04251399562334184,0.30216844601059806,,0.26790076083249786,-1.5807000272370177,,,-0.32425474742995475
2002-06-30,0.046057848264061306,-0.13621579845255513,0.36725912995151616,0.3450714643909787,0.13907671580898,-0.41218632771569685,,0.32253856060530395,-0.7375761514553281,,,-0.9552755024400544
2002-07-31,1.0787126326915077,0.34948885302778054,0.182320904711205,0.12504982735727482,0.234469106956786,-0.31039933216318466,,0.15965664956194742,-1.908378883967917,,,-0.7335513070909672
2002-08-31,0.5562097349705157,-0.006912697986019301,0.052283434450528764,0.5010553395592435,0.7129975332068438,-0.7203227501979546,,0.4683735640377449,0.19610880762232183,,,-0.9441167356689325
2002-09-30,-0.47337787838479733,-0.9162174840166312,-0.10798804143505217,0.17525579067588914,-0.1554277720190476,-0.8261542227282764,,-0.14265291911446487,2.428459291589844,,,-1.3197743672497242
2002-10-31,0.2961378006800394,-0.40206974613248636,-1.365339538492417,-0.574987040832299,-0.059807841693874826,0.9215623493873913,,-0.030045293075751003,-0.5804678991819707,,,1.4356153765553321
2002-11-30,0.2938600005681398,-0.20445931579202492,0.7210015293625333,0.06900769173926112,0.5109902610509589,2.512839726392117,,0.21611793862712453,0.10753724556530563,,,-0.18002893789600946
2002-12-31,-1.4968672273952595,0.980441250069484,-0.8639706733919964,1.2339918324194548,1.628545065774302,0.7813026630907973,,0.2824209612657168,-0.4273201950864809,,,-0.6668238833721587
2003-01-31,1.8238159543356316,-1.0893621544626146,0.5904922084832311,-1.7959322400034177,1.043132376759677,-1.098516486823565,,0.009268095042677555,1.0917292039621178,,,0.005441775275159704
2003-02-28,1.5516194592295742,-1.4683383723003944,0.10649859418874635,1.1903149116906622,-0.9889007056135495,-1.2066701414499257,,0.2796668425152142,0.026131753754296553,,,0.32830793177282735
2003-03-31,0.2819359368732043,-0.3859916854143765,0.22117494692749215,0.7982486422464409,0.02591562083193871,0.690664467130911,,-0.07263537838101039,-0.577159851049719,,,-0.04758738654411495
2003-04-30,-2.2392128209582736,-0.1415273279325615,-0.8555001577358003,-1.0886860282945132,-0.43607705294366145,-1.1072742161568017,,-0.2480312443992866,-0.2755768754848035,,,0.35477872828370066
2003-05-31,-0.2203780136402693,1.4432753236814693,0.8491578412845102,0.11892889781879491,0.8518639753295848,-1.3179654232135412,,-0.2617261954263708,-0.7285586271350318,,,-2.157945367734081
2003-06-30,-0.47337787838479733,0.09659686392901444,-0.04429017074297837,0.27542379635495023,1.2902569991847521,-0.9208195850735377,,0.24256253929459573,-1.7189485351562952,,,-2.17996266539908
2003-07-31,-0.22062472246997147,0.9176824426987312,0.15207917699059822,-0.09234815016018129,-0.3413365370222237,-0.10621041686271013,,0.021150816147493198,-0.7334440101918536,,,2.3216990191175
2003-08-31,0.28340613616734867,-0.3646780388821865,0.23044854266307854,0.3768775121071217,-0.4315921361169814,-0.20830487451294358,,-0.19793468846345125,0.41280333163439387,,,1.302948648295504
2003-09-30,0.029920028977192602,-1.4768343078780235,-0.20500352491255572,1.190214111605655,0.10884901800648111,-0.004423421310192462,,0.1239939179957052,2.736501214620747,,,-0.7989276693621372
2003-10-31,-1.2286916936428085,-0.622923746225735,-1.341088330921799,-0.14307428108931025,-0.6115151935146637,-1.2318309773458995,,0.2578722729445881,-0.35100397475591977,,,0.37529484656244905
2003-11-30,0.2819359368732043,0.44640957189519426,1.0243026187193711,0.059688571461253205,-0.7941387862059511,-1.1383840155782725,,0.21563642234153838,-0.35100397475591977,,,0.27748115813206614
2003-12-31,-0.2220949301032469,0.4383601129252141,-0.6819053475330866,0.5115852096723834,1.6352812136162,-0.8331248745102997,,0.1695707317552098,0.09500192423350853,,,-0.700313351925759
2004-01-31,-0.22233830345685254,-1.4127247544859627,0.6918552150202683,0.007658810868797619,-0.9657022489685422,-0.7319415667486363,,-0.14022185064521153,0.9783016573607062,,,-0.7873685880880151
2004-02-29,0.027973033921929458,-1.0332002538171638,0.19992392997963518,-0.09234815016018129,-1.1517938371561425,-1.0517816222090433,,-0.07975713403355887,-0.1307111753594034,,,-0.7401690062186816
2004-03-31,0.526424097423734,-0.21610920484540805,-0.07640027075102641,-1.1007879869045314,-0.34184288561531423,1.5757821682108228,,-0.0643245240306021,-0.424395254783179,,,-1.065989113892708
2004-04-30,0.025080623024478072,0.9303506652508382,-1.1853392359136259,0.5149560703300895,-0.25133308775408825,-1.2539673564377103,,0.1950968764859642,-0.05767626022117052,,,2.0751194268144766
2004-05-31,1.7578985189314629,2.0761933133443287,0.8682978020789773,0.2588069651233176,-0.25133308775408825,-0.20830487451294358,,-0.0029723819892768467,-1.0855132866466697,,,0.9638322249416789
2004-06-30,-0.2266397913551298,0.9679326089060106,0.15225584363453962,0.7018815974315766,0.6499684401982658,-0.41873589196813094,,0.030420474861755285,-0.8675318148476834,,,0.961430337923683
2004-07-31,-0.7201159654144998,-0.2634837140367406,0.31068084392950557,-0.09234815016018129,-1.2432293594251276,0.316957184585634,,-0.03470806973404256,-1.83770378566073,,,-1.0177996238773612
2004-08-31,-0.9675598028233374,0.0892071212119468,0.16255374191670238,-0.33930169031369567,-0.7055865959220732,0.31425381668035185,,-0.07594539689571118,-0.12695996423816805,,,-0.6497604776817842
2004-09-30,0.020804046053749654,-1.310014600017819,0.2692470543639728,-0.3901797597537501,0.11224057124002852,0.6222349678532616,,0.10309821631399886,2.3822701983442958,,,-0.1268496581381072
2004-10-31,0.019863642204085617,0.8462131435325267,-0.8213518878055698,0.9430063423232996,-0.07005849486152586,-1.1431415206862987,,-0.05590761663658164,-0.20481326932735172,,,-0.2644577685443431
2004-11-30,0.5102982200779654,-0.20063916592164074,0.7501417334690894,-0.04353363680888674,-0.07039827873994513,-0.9413978035425087,,-0.00034895969433429517,0.37760089306776234,,,-0.3387661481637006
2004-12-31,-0.9647492878207408,-0.20115301470980623,-0.8221078873059192,0.5864955958125909,0.2894453145516515,1.5629661137621502,,-0.029657681916829916,-0.1331817498735033,,,-0.9112158874536279
2005-01-31,-0.7194133414255418,-0.9624307780548367,0.7973999713564024,-0.5277741679899183,-0.0717447711216094,-0.6223031222217684,,-0.05264243795828668,1.6653495096403286,,,-0.3083547557639252
2005-02-28,0.5093658234369164,-1.2985453303088812,0.17223389441114517,0.2948689398538473,-1.0621248178452107,0.8235427214112265,,-0.03952415085342301,-0.6372300656278166,,,-0.28248443100755727
2005-03-31,0.993786458851551,-1.9661930469652589,-0.1815512253780196,0.29213240045636635,0.019688219944002695,-0.3110190254864887,,-0.1345368363768025,0.1494969326506637,,,0.9236006173901876
2005-04-30,0.25710172445129614,0.4039179371338755,-0.04330039628350108,0.24185772783123802,0.01892940987694433,0.6105135114693905,,0.04834480869353191,-0.06582853103031133,,,-0.9117162805823782
2005-05-31,-0.23034144158980221,2.2398657081130486,0.3390086501945269,0.5699668129755933,-0.16141347962453498,0.1986412797914861,,-0.09992615472359136,-1.926923381583113,,,-0.6552648020980365
2005-06-30,0.01201241487212633,1.2215540351781011,-0.14924475928114878,-0.42249775490811053,-0.34125269588363194,-0.20830487451294358,,0.04317317612170873,-0.2069813522316655,,,-1.381335231914186
2005-07-31,0.011105142767109711,0.4447793967461797,0.27398788202419083,0.33176308671835947,-1.1551663985139453,-0.10682267758054778,,0.14839551798605402,-1.2898897555470272,,,0.4504664043289064
2005-08-31,0.49287987007812584,-1.0452793018428495,0.03186562953031371,0.7460827303910844,0.020706619815422097,-0.20830487451294358,,0.1751931802111336,0.5158895655661103,,,0.1593877213350733
2005-09-30,1.6876212695798036,-2.49898716700243,-0.14750278970397102,-1.024740662842062,-0.34192783147277417,-0.8187251274232914,,-0.22938923368057124,2.640320673887158,,,-0.2615805080540281
2005-10-31,-1.671707987167913,0.9767269752551966,-1.2579206643318073,0.8400443625216958,-0.5236285922847633,-0.8224172078482003,,0.14100774321575474,-0.13983539549435942,,,1.0695152537336667
2005-11-30,-0.9542654761591627,0.16860650834893054,0.975530895246863,-1.118864858431085,-0.34226921539024574,0.7114763186233425,,0.07187170825188367,0.49040568108815896,,,0.38587816123550955
2005-12-31,-0.7141566610050359,1.298956640225221,-0.9185035376040525,1.164791080150548,0.20249328813143552,0.4002859360988036,,-0.1913560056764256,-0.35100397475591977,,,-0.3439952563591416
2006-01-31,0.967951178631394,-0.5325771663139893,0.1795064606619093,-0.1844798766326805,0.9187259938973178,-0.5121442920153667,,0.0661423442851854,2.1424252317163384,,,-0.030799197074556944
2006-02-28,-0.9529309122206762,-1.357379852880321,0.6706487539085467,-0.6950377643572128,-0.7895985662151733,0.8009770900571314,,0.08286767758665393,0.12856386974353642,,,0.8529200879542602
2006-03-31,0.9626276829934861,-1.0878857120935335,-0.01265757353385929,-0.13898661978029864,-0.07157755657749644,-0.9137474215805826,,0.24522326606039518,0.8066663457647343,,,0.2091534497059796
2006-04-30,0.954715766482115,-0.7911965046580338,-1.3222099800469884,1.1530659889685213,-0.7916070299599064,0.2960823007612194,,0.11569905405743312,0.3254021117276351,,,1.2879569503126695
2006-05-31,0.710718931243601,1.7346035473667007,0.944471904309674,0.4972774872650703,-0.07090557289282669,0.09312908141106867,,0.32296052954710486,-1.4348749305108548,,,-0.05560289437228295
2006-06-30,-0.9463676827248063,1.2124279315328776,0.24855537763204708,-0.4544378160961321,-0.16124564085428567,-0.8120703577774856,,-0.25149299732488906,-0.6914933662127133,,,0.27996995553558784
2006-07-31,-0.2367750861897017,2.292741278233546,-0.027852303492261477,0.3148337450294813,0.10817828627605623,0.2950820246210632,,-0.07690767043713828,-0.6923482237289863,,,0.0535170451198047
2006-08-31,-0.0008192409239741288,-1.009023244782706,0.22905867215531506,-0.09234815016018129,-0.43092140438655707,0.09253365544088883,,-0.1621851639186561,0.8738452370501504,,,-1.0671884256849786
2006-09-30,-1.8936463133290549,-1.629936306489709,-0.027852303492261477,-1.0472236455948483,-0.7921114900598206,-1.214585951534412,,0.08803429639875958,1.999514932668039,,,-1.026056110501737
2006-10-31,-0.9485353732319227,0.5221207950549722,-0.9211595466979844,0.318938095346643,0.4690336311841255,0.7979762025085188,,0.0012738311003924372,0.5117987541082417,,,0.2584530509993391
2006-11-30,0.0017796164623154434,0.09175880514842641,0.8954211921176292,0.7210124202106508,-0.07207826865168585,-1.5184253690368257,,-0.13037724683666657,0.04537339915276454,,,-0.5809564224786714
2006-12-31,0.0009101603594019759,0.12327716121988659,-0.6066283563513627,-0.36211947060317295,-0.7900992808866533,-0.10692400779900497,,0.2878456985174253,-0.7473813486646183,,,-0.15364702700668925
2007-01-31,-0.47337787838479733,0.7897680585736497,0.2335598309674904,-1.0013713281060206,0.10817828627605623,0.7999748074737227,,0.30837687570118416,0.6377810595335447,,,0.9370124700647106
2007-02-28,1.4151429777069577,0.5213991300391551,0.5568119678052498,-0.09234815016018129,-0.43092140438655707,0.9885608067306714,,0.012815678143466942,-0.35100397475591977,,,0.013322967052963965
2007-03-31,1.6348895674531798,-1.8166905983967896,-0.3401222521148517,-0.23002120080407423,-0.25133308775408825,-1.0046456593330082,,0.059370323824999946,-0.02300057573867977,,,-0.3754824939857286
2007-04-30,0.6905142472343974,-0.6632286450606534,-0.8745425162310473,0.9543480784295523,-0.7017711069128432,-1.9215562464822495,,-0.17177340625306906,0.04155840466427882,,,0.7641378370858023
2007-05-31,0.6853113146874769,0.9097863915217198,0.8038210554847127,-0.5904302694713905,-0.07090557289282669,1.9038976181271234,,0.02644615951478912,-0.41635237445142853,,,0.7389180233968071
2007-06-30,-0.9362321814718622,0.6299840830147129,-0.28522977240537106,0.4507888549393878,0.4670232868749479,-0.5073711572428536,,0.17662283282881006,-0.35100397475591977,,,1.888483667902243
2007-07-31,-0.2418474111348846,-0.5475634575220277,0.48299062115648933,-0.04733054603581106,-0.609843035038574,0.28965065805962487,,0.3209236088244997,-0.6782179544806092,,,-0.09382371164061384
2007-08-31,-1.168590653283077,-0.5545939200753416,0.045969043156499766,0.2217363513692598,-0.5210920681988198,-0.4071941243555958,,0.010610381287339295,0.8232989941770079,,,-0.8943276193583147
2007-09-30,-0.009695570736417983,-2.252654735959523,0.20620367866761044,-1.5432013701920853,-0.6121884326621473,-0.10881154996340288,,-0.006746499439260505,2.541130811612292,,,-0.3796996229194722
2007-10-31,-1.1692127683699802,-0.45513798477397155,-1.2012349715329733,-0.09234815016018129,0.019434810254167503,-0.10890894921983696,,0.18304172483022077,-0.2238816251961637,,,0.07533550235732858
2007-11-30,0.22245701160035578,0.3821738476326572,1.1890524814020185,-1.3473391518101672,-0.7936305384951682,0.38603592256755853,,0.00856402244501858,-0.16054303823912347,,,-1.356315575476696
2007-12-31,-0.2418474111348846,-0.24476323817695544,-0.8443855132287136,1.1166743050455028,-0.07022854617417074,-0.40603216110773255,,-0.11524247342713162,-0.5414649112726986,,,-0.5722653839266945
2008-01-31,-0.9366458137769983,0.8894457155928401,-0.28854327161705645,-0.4152201451748199,-0.7047331338646785,-0.20830487451294358,,0.03465548660399863,0.7877798692694985,,,-0.930415181709349
2008-02-29,0.4523314657602159,-2.273505410304212,0.5642648662871497,-0.3241498279804388,0.4730882660545894,-0.9033985497199024,,0.10130708782550937,-0.2250592293446015,,,-0.07836156396223748
2008-03-31,0.44903711949121633,-0.6180874367504438,-0.6509086564980797,0.5082940691190168,-0.16116148629100008,0.48678880069401015,,-0.10022159106050907,-0.6030102432915108,,,-1.8053933888733167
2008-04-30,1.5901315320867837,0.6920320033938906,-0.19905153430010142,1.5817461360085596,0.4670232868749479,0.48206253226593576,,-0.13234367089007243,0.4663143055470856,,,0.7297232996560227
2008-05-31,2.026581658683286,2.2847651622153995,0.034605503508957636,0.8791735860482681,-0.07257619898974738,2.507159769849899,,-0.032098599062750054,-0.28833638067609624,,,-0.003377653619060826
2008-06-30,1.3297482861059338,0.9166884909627022,0.5239845724690115,-0.48769421234839105,-0.6988475302174944,1.5938215212329054,,-0.06883351718798711,-0.4763680619685098,,,0.8391592769136346
2008-07-31,0.4235030886326227,1.0135334053354033,0.2561958767236529,-0.18059435195816612,-0.16166406844317047,0.1670483425442635,,-0.23056688641021625,-1.1687003828436016,,,-0.0168882680953088
2008-08-31,-0.9214304374062838,0.4580151985054037,0.23685507942093884,0.21588933999685375,1.4367404469182292,1.2793837126493852,,0.01627499042261701,0.21561693640113194,,,-0.8804041805508498
2008-09-30,-0.2492547854308735,0.02135157532881178,0.16074543930571655,0.3885239932544549,1.2344253250847956,0.06822619858918501,,0.01412168581781978,3.0612918899145676,,,-0.25386194404305806
2008-10-31,-3.175730844840414,-0.16365079628782037,-1.6158228345147077,0.0814659640778057,0.18133770543369848,0.6167979652792828,,0.16392413347890095,-0.16731917813859143,,,0.7736077770473956
2008-11-30,-1.3804596120131207,1.8185561697449888,1.062283796387161,0.1673362163100693,2.2206183986418053,2.405647711096694,,-0.704038096276805,0.6244789038047504,,,-0.5200401431734826
2008-12-31,-2.2971204302602786,-0.2172078768192114,-1.1338629547613988,0.2519806668561433,0.4195901508290302,1.5559954619801069,,-0.19852433136280076,0.013005193021487393,,,-3.5789301709815864
2009-01-31,-1.1606032235668156,0.07490865586020984,0.7782183381423685,-2.058173991282318,-0.5862118012341193,-0.5587208550460044,,-1.1020692516990054,1.0354052405529472,,,-0.7323253439255254
2009-02-28,1.35518942920378,-1.6841317051602518,0.002385628592335401,0.9212791815271038,0.9985163847482148,-1.5332422869147426,,-0.410421858567221,-1.374376010540864,,,0.8944922223611951
2009-03-31,-0.018244590500624356,-0.2861768279292968,-0.11873108412827549,0.1255286788066262,-0.4170476217526748,4.737035647083405,,-0.3028591667518215,0.1917406300464197,,,-0.39297320907157435
2009-04-30,-0.7008446247530451,-0.009569113258598947,-1.175138047093716,-0.048877295685824974,-0.08561855375549442,0.6349967306485691,,-0.3004672841592905,-0.23068773420556452,,,0.4334655477796263
2009-05-31,1.3407911434040674,1.461272388960906,1.0890301227076036,1.2806905670880888,-0.16858238200319114,1.869805522647095,,-0.06456939803244535,-1.2559818642731833,,-0.07060391761396519,1.4699548550158033
2009-06-30,0.4289671264150303,0.07530040933042807,0.24380245433258707,-0.7745360414147654,1.0631204808418022,0.529523456118508,,-0.31660119580459656,-0.8968963372053509,,-0.07060391761396519,1.5241474308594152
2009-07-31,-1.3757228831846235,0.10373059949887925,0.13600641970225205,-0.26424014617488745,-0.0068533647994195035,-0.045068618165576446,,-0.19629538097998447,-1.0822868294338819,,-0.07060391761396519,-0.1351061447624805
2009-08-31,-0.47337787838479733,-1.6492131310985345,0.001767979562630233,0.07954384585452685,0.961862928022273,-0.6168886435072621,,-0.1310432858763813,0.44104193923467633,,-0.07060391761396519,0.24292835417987343
2009-09-30,-0.47337787838479733,-1.8899202030713758,0.2654923751804322,-2.102676056324126,-0.8155942739719547,0.7695479124212955,,0.14302937262975746,2.7124454851577617,,-0.07060391761396519,-0.5326559757260824
2009-10-31,-0.6994558175772253,0.3771969845331384,-1.6930399642356064,-1.0807180029613723,0.23252101980629733,-0.2894338677054153,,-0.06727656244542916,0.2416619286659102,,-0.07060391761396519,0.38230035036494686
2009-11-30,0.8801413375499395,0.8694168533893379,1.6518680073870264,-0.6849380302383868,-0.0905858526929296,-0.3707575964947203,,0.3427322916207259,-1.0030788120262863,,-0.07060391761396519,-0.15093107745920142
2009-12-31,-1.3749382337715612,-0.4128966294504335,-1.2324346344701425,-0.0007592876530464471,-0.010713040399996899,0.5206941616424784,,-0.3110345693868174,0.3010708625144414,,-0.07060391761396519,0.1752001442035697
2010-01-31,0.20308620505951702,0.20872616276372427,0.6304040967031549,0.5444925671479353,1.416419247825197,0.6756439024793129,,0.05226369225172661,0.6506364517980894,,-0.07060391761396519,0.4359675134233825
2010-02-28,0.65015375010954,-1.1412425387973233,0.5619957441437685,-0.6834521926601705,0.376498018819098,0.2706249266054441,,-0.17667085092628845,-0.5860210478819576,,-0.07060391761396519,-0.3160970226073116
2010-03-31,-0.47337787838479733,0.49972124061077183,0.001099465890091684,0.9491208109133911,-0.17314054208776236,-1.7327315051264416,,0.1583123465166174,-0.11598690162988916,,-0.07060391761396519,0.4240677182466022
2010-04-30,0.4219540683353735,-1.3862487541882027,-0.8733372826110658,-0.4975084367352977,-0.8000157233369528,-0.5321741429912701,,0.3094720767059012,-0.5860210478819576,,-0.07060391761396519,1.0760845452652361
2010-05-31,0.19609733026472903,0.9597575497610533,0.5111028072307521,0.08809570176030408,-0.3299715380070117,0.7602200807389246,,-0.010182456443869716,-1.2359540048861517,,-0.07060391761396519,-1.2592267986709873
2010-06-30,-0.6963442068449116,0.36986801892276544,0.16256767912816514,-0.909100676579127,-0.0941201990178195,-0.6107347694745738,,0.37917013416626777,-0.8847521353240266,,1.7121450021386555,-0.8157784079727973
2010-07-31,0.8615521496872626,0.42570639442143177,0.14601076546304545,0.814402364491583,-0.408545976490352,1.3919320256661423,,-0.05264414962088627,-1.2452672927929318,,0.6587024586484708,-0.6118556981789776
2010-08-31,-0.69538931881158,-0.16373793835930806,0.08705747055794524,-0.18234613839300753,1.3093911680035903,-1.1654173468321969,,0.0366630145932894,-0.11195803546083166,,0.9828386258762196,-1.3240402186723204
2010-09-30,-0.029544994508122008,-0.69518399962586,-0.12835497947522048,-0.22762489987647108,-0.9505379405764006,-0.6097800104119702,,-0.1545042844669821,2.368233527892079,,1.3069747931039695,-0.3552791214124498
2010-10-31,0.6328907273256983,-0.3241301330217715,-1.3147277387886902,0.4020307052099263,-0.4074021473736672,-0.369340482542081,,-0.22236881776003412,-0.29248994632999725,,0.334566291420721,-0.6288440449000409
2010-11-30,-0.2526896225227872,0.4953339252625492,1.1434163258286947,-0.6770987397329483,0.9130802157207326,1.4699635764769292,,0.16359822081401262,0.6399006603459972,,-0.07060391761396519,1.5200442072036684
2010-12-31,-0.47337787838479733,0.45501555207877403,-1.465695160698303,-1.2348464884834796,-0.7154142333167617,-1.6451155908308095,,0.05174514377068404,-0.6416975705308436,,-0.07060391761396519,1.0923582000610998
2011-01-31,0.18756172543463115,0.47690654226496376,0.26980527910618535,1.140521922365779,0.751371094573591,0.5126420332419923,,0.32233404251389425,0.9234244215517566,,-0.07060391761396519,0.31707410603239666
2011-02-28,0.18588065637822893,-1.807228080194347,1.1123329711153356,-0.8653357591717233,0.2843011415117208,1.0608732711444224,,-0.21066714979098852,-0.23573703868740345,,-0.07060391761396519,0.9882540432727263
2011-03-31,2.3641901922693536,-0.6817170451347676,0.3307897980820987,0.6806394588513552,0.7355988288776508,0.18508162913668355,,-0.1375025372755812,0.10908899546059754,,-0.07060391761396519,-0.8335444537858929
2011-04-30,0.39350701278081673,-0.20115301470980623,-0.8869656003823616,0.6698102687013021,0.4260640244337474,-0.6805519099548171,,0.18270460630005161,-0.4658813309349264,,-0.07060391761396519,0.39359618134090557
2011-05-31,1.2517422391516322,2.102156652400755,0.41451355437716786,-0.22607317811148855,-0.32636511045677996,-0.6035289219295527,,-0.3547493828828994,-1.3892916569634444,,-0.07060391761396519,-0.9794695102151181
2011-06-30,-2.198497995921226,0.35274854782295406,0.18900660391010343,0.5730140544568092,0.49637547142839905,-0.3668262643692171,,0.07267636623485513,-0.9312752053747364,,-0.07060391761396519,-0.9105903960426889
2011-07-31,-0.04102024543834391,2.026258652500471,0.1578376619421118,-0.09234815016018129,0.04613615335082053,-0.3670741478006682,,0.11228313982536718,-1.5190295689869566,,-0.07060391761396519,-0.2462309488296212
2011-08-31,0.1738093263942902,-0.755473497150836,0.15579274994373454,0.3904638014145888,-0.32561450145956133,0.18815376892141797,,-0.04660169738961867,0.4093531192793425,,-0.07060391761396519,-2.806042038262777
2011-09-30,0.17219740142607118,-1.424122382995801,-0.19729879074432605,-1.4193351919937405,0.41515074993629153,-0.604763517947294,,-0.11362970485013586,1.9622350351421538,,-0.07060391761396519,-1.4048537089654332
2011-10-31,-0.04388591457804826,0.07864861519294873,-1.4492238275819345,-0.45174679150062663,0.11695691393539309,-0.128889203997009,,-0.2205860962576287,0.1069580345067824,,-0.07060391761396519,0.6123811109641677
2011-11-30,-0.25889847777141667,0.6384986754938278,1.97919900372502,-0.18257001408811244,-0.031031678293892303,-1.0853124672701986,,-0.23743404291253192,0.2192877295066584,,-0.07060391761396519,-0.9651582667328699
2011-12-31,-1.9784740908396967,0.9369550025124856,-1.57757472280362,-0.5912607640022749,-1.2837353604647805,0.6687027182443178,,-0.02203123774535071,-0.06675268378032054,,-0.07060391761396519,-0.7152619382351546
2012-01-31,0.6025819101309988,-0.6722823455122101,1.3150520663631082,1.0796093958209156,1.074024470048304,0.029570118115112006,,-0.053695950778647514,0.4417524576470677,,-0.07060391761396519,-0.03107441329536956
2012-02-29,0.5981339446102139,-1.3676100149137052,0.36970884645382346,-1.08235311356092,1.2002535499166103,0.42331725310199775,,-0.2921786652594452,-0.4074763921614199,,-0.07060391761396519,0.27524124046889964
2012-03-31,0.593722603086497,-1.2336534298745885,-0.3010150856355783,0.5397359730486755,1.1077446831482185,-0.444702954711274,,0.4718000422220964,-0.06887616455368108,,-0.07060391761396519,0.5342697435663035
2012-04-30,0.5893474350776611,-0.2272281090071853,-0.8463079818127264,0.443653934079317,-0.10937910283773672,-0.6827586798151483,,0.36640413568842733,-0.23831657257408947,,-0.07060391761396519,-0.2062995771553801
2012-05-31,-0.6855746490177597,2.77419855858495,0.9140806438414765,0.4384245620870086,0.173280613113297,0.18722710048189822,,-0.15593037846422203,-0.6893467697344838,,-0.07060391761396519,-0.7837282280763618
2012-06-30,-1.5369753529425083,-0.4752528911885426,0.22985765199283656,-0.3570872199212666,-1.1024365502222429,0.34286399123629446,,-0.11440585175138548,-0.4074763921614199,,-0.07060391761396519,-0.9711379646214284
2012-07-31,-0.6866221033715478,0.9299134517329968,0.3184713167415082,0.2603517657309614,0.17515667384666886,-0.522892049738387,,0.029848609736363642,-1.2577674389859739,,-0.07060391761396519,-0.4901350696105596
2012-08-31,0.1658292047560167,-1.3346505103556465,0.29850282773385717,0.17068429523662212,0.3848890844406621,-0.129566654531042,,0.163938520160319,0.7815085541249165,,-0.07060391761396519,1.0244298328332972
2012-09-30,-0.048113893158392575,-1.2636676149934767,-0.5531308468194744,-1.1521953979818509,-0.6042720270033188,-0.444702954711274,,0.17775513169983428,1.6084728101077044,,-0.07060391761396519,0.10229747422878617
2012-10-31,-0.04881047657456014,1.033419844904947,-1.1450731382686687,0.26323332142442657,-0.3220759948022709,0.3424368919960028,,-0.07519418235381943,0.03752513254118136,,-0.07060391761396519,-0.11243043508597175
2012-11-30,-1.1104900570508625,1.5607879806185487,2.07365444519793,-0.49254116297361467,0.31316379787968757,-0.44397135457885256,,0.00017706305023618984,-0.5728846326499584,,-0.07060391761396519,-0.38780467478119673
2012-12-31,-1.9660914946524375,0.1515245849402038,-0.9322838829722946,-0.3607883566994389,-2.026460205431975,-1.394912804691764,,0.1587047132106872,-0.35100397475591977,,-0.07060391761396519,0.2105074883209588
2013-01-31,-0.2596060387610161,-0.6024932958587822,-0.027852303492261477,0.2652785869758262,-0.03658618639923722,0.3471717020965907,,-0.18598455236822514,0.47918795724053687,,-0.07060391761396519,0.9830552220298163
2013-02-28,2.5010619527692346,-0.04296826261230365,0.7122802625006811,-0.047809652805624187,0.03425496774326223,-0.2874728548033079,,0.345177462529668,-0.2958376753790154,,-0.07060391761396519,0.24941305408126582
2013-03-31,-0.0512306501334181,-0.6394347163007185,-0.3484353205159978,-0.09234815016018129,-0.536921143251439,0.5806107463392797,,-0.5446391062968687,0.364128347064491,,-0.07060391761396519,-0.6344280371696815
2013-04-30,-0.8955251066361635,-0.33012973286921965,-0.5807056396248618,-0.04784608511837051,-0.6813057022342883,-0.12974941250667174,,0.06465040310818013,0.3603864421672553,,-0.07060391761396519,-0.556224492090207
2013-05-31,0.1595854174878575,0.6432444815323952,0.5250010326403376,0.8775989130384715,0.46422758222346955,-0.522892049738387,,0.19202464454153148,-1.5570850876633635,,-0.07060391761396519,0.9236006173901864
2013-06-30,-0.47337787838479733,0.21030242022642692,-0.001977643568006562,0.08216289435732986,-0.8233566422917733,0.49815051998475196,,-0.19578955536860113,-1.4012997107825782,,-0.07060391761396519,2.018823568113383
2013-07-31,-0.262733136314796,0.26343183252569147,0.12655819762065848,-0.3543250840642571,-0.6105768680334147,0.7260538320672244,,-0.3318874678826002,-0.9070675022540151,,-0.07060391761396519,1.1576720131911857
2013-08-31,-0.47337787838479733,-0.433767696081979,0.23897282848412324,0.38698333366328397,1.1776891963574898,-0.20830487451294358,,0.04470555836251553,-0.017093017843706614,,-0.07060391761396519,1.039566724977986
2013-09-30,-0.05260125862037277,-1.3000028213728934,-0.3203134358679533,-2.1705994277711036,-0.10958755222973865,-0.13082838881671832,,-0.24559859953262791,1.9090322792997103,,-0.07060391761396519,0.5386231637864253
2013-10-31,-1.1047992402192461,0.42019956700082106,-2.9201425981779017,0.5350499074188194,0.4542891504509103,0.023770494134145084,,-0.1001437050698497,0.08563178535968058,,-0.07060391761396519,-1.0009864147513643
2013-11-30,-0.47337787838479733,0.973445690369573,2.902877228287317,-0.719746207739187,-0.46247868928868113,-0.3629628321822358,,0.03890467703878576,0.3555518662284451,,-0.07060391761396519,0.271300644579995
2013-12-31,-1.1063411742574354,-0.043374437238470155,-1.3456059980007946,-0.18257001408811244,-1.456628049463392,-0.5959835798696697,,-0.2713226856743423,-0.45946616076282853,,-0.07060391761396519,0.7029272476114656
2014-01-31,0.3702301595578644,0.2053146029858896,0.6240697310286213,0.8476005298056486,-0.037537446985389855,0.5655779084257442,,-0.14611884743063136,-0.02587665452968307,,-0.07060391761396519,-0.7674404317355502
2014-02-28,1.623707516035328,1.540362873132446,0.4707656186878397,-0.04799122028340924,0.9513118347211195,-0.2854282580754837,,-0.15367890431588338,-0.18873141566803514,,-0.07060391761396519,-0.6211129710608514
2014-03-31,0.9845515467569538,-0.2287801385281564,0.16493845616292094,-0.7615296680556561,-0.5329633162589282,0.2535591345527761,,0.10053439790904335,-0.18892486601280326,,-0.07060391761396519,0.23643575333434008
2014-04-30,0.35605752012578623,-0.49524375121143066,-1.2607441064417033,0.974426646326509,-0.32186921975410476,0.4042636778680734,,-0.18192901872692888,-0.29702051446794453,,-0.07060391761396519,-0.016763169813119965
2014-05-31,0.7658197370252917,0.6935238417820324,0.6727056166069398,0.43329624314273407,0.8711062144737012,0.324677607006057,,-0.15238832837104008,-1.4347669310653703,,-0.07060391761396519,-0.7103080462605315
2014-06-30,-0.26741971033596057,-0.38540444098205123,0.3762023700795491,-0.794342038167724,-0.7407950900669413,1.224415268126904,,0.07572739869367996,-0.5143161180551238,,-0.07060391761396519,-0.05804560293499178
2014-07-31,-0.8854579983311519,0.00769715411516977,-0.07944156343115263,0.5660354978527791,-0.25133308775408825,-0.05866162033838041,,0.19183772610764535,-1.2801633018081848,,-0.07060391761396519,-0.5629422698436715
2014-08-31,-0.47337787838479733,-1.7405086898648297,0.15201616572506063,0.8162051331230992,0.5862313197428535,-0.0588818459575772,,-0.4325048782563908,0.4146468022831909,,-0.07060391761396519,-0.727771766453901
2014-09-30,-0.2672559264872939,-0.48813633723825633,-0.07904563602300997,-1.3949747406217412,0.02624781480566031,-1.1835085920554782,,0.07217653947266123,2.50908926260394,,-0.07060391761396519,0.7257701939388985
2014-10-31,-0.26741971033596057,-0.21133302880412388,-2.274805255193173,0.5628637615093186,-0.45944389566599597,0.916102293212618,,0.0336528741939378,-0.5647734259487766,,-0.07060391761396519,-0.9471190944414337
2014-11-30,-1.5048091672183124,1.1694165055293637,1.9607497805239464,-1.277471116427714,-0.11254270820503232,-1.2573629259208194,,-0.11598919720118317,-0.0838446375641566,,-0.07060391761396519,-0.003891214988040359
2014-12-31,-2.3403607943044986,0.06383539662340405,-2.312402083120917,-0.49319641738343123,0.5084673401523194,1.0641480515662038,,0.10207574135401934,-0.19095999753537007,,-0.07060391761396519,-0.8358935533365318
2015-01-31,-0.8900955579378245,2.016232389262171,2.217597305877666,2.098115652219687,-0.32015925277106755,-0.5062740673206058,,-0.18407322973334253,0.44640208207080956,,-0.7188762520694638,-1.846951038216
2015-02-28,1.8103227170879168,-0.12174547362566514,-0.05397010832288814,-1.308125481396398,2.2631080005966067,0.7569148878182048,,-0.042354392634074485,-0.5101114744231469,,-1.2050805029110874,-0.8069234248299548
2015-03-31,1.3802534364360826,-0.6844745101285703,0.4106813261068245,-0.4005856403172229,-0.11726543794313704,0.3076530467271241,,0.03735994028886954,-0.1389019926601341,,-0.07060391761396519,0.2803847551028398
2015-04-30,-0.6786835056348076,-1.1195851591023824,-1.8984075382182566,1.9870299778009224,0.08302364539119943,0.5242591228486743,,-0.3467993201713328,0.49411043531315413,,-0.07060391761396519,-0.021892199382808338
2015-05-31,0.9603582039101196,1.5652835733880006,1.4824003206739225,-0.34796540105420676,-0.11791400314573637,-0.28132388490798166,,0.021224746599753846,-1.0901913495102225,,-0.07060391761396519,1.9631423227117333
2015-06-30,0.13866099123585285,-0.24899084140749714,-0.01484940616633067,0.1632691007338422,0.7434750198247755,0.44698342817603437,,-0.1740274222801434,-0.1922680046528528,,-0.07060391761396519,0.24634353728358913
2015-07-31,-0.269685655051989,0.40933409488630107,0.24289234809414667,0.07739854442953502,-1.1129062641090333,-1.1561954822388605,,0.035402382151969766,-0.45680735982243637,,-1.0782446113871855,-1.1780505233595262
2015-08-31,-0.47337787838479733,-1.0651362250304452,0.035967961831407824,0.7485305908857209,0.41209696255101647,0.8121351679383776,,0.02955899056013447,-0.24520058968939842,,-0.8457121435933658,-0.9907408654402096
2015-09-30,-0.880922523433708,0.03219689438900884,-0.01511750716846046,-1.529672020063085,-0.44988377622893605,0.4423177620785049,,-0.12291502281265837,1.852056730547566,,-0.07060391761396519,0.558025907353705
2015-10-31,-0.2695254566686707,1.144228646783879,-2.5075196219700144,0.673315688935908,1.0646885551179688,-0.5692470590318338,,-0.07504803625079753,-0.03917506982612481,,-0.07060391761396519,-0.06630208955936512
2015-11-30,-0.6772303001009008,0.25040117278513024,2.2210873762658148,-1.678076432121893,-0.6442591079680915,-0.2806475420395673,,-0.2952026079771788,0.11540246189694779,,-0.07060391761396519,1.0217652394227057
2015-12-31,-1.6998707387247824,1.018154039508485,-1.4554214338944145,0.03796034682127567,0.1415929324599129,0.8714599587142599,,-0.16274901794820593,-0.5062950743906676,,-0.07060391761396519,-0.9672223883889638
2016-01-31,0.14059400170904895,1.937362959795293,1.528292752793031,0.4257869231814039,-0.18600063697121685,-0.13672719824699858,,-0.10423008479385687,0.42368383605769416,,-0.07060391761396519,-1.1264349721289715
2016-02-29,0.13914310186135376,0.30733496132669574,0.4020360266902206,-0.22142002916003964,1.8802000564362176,-0.7823441679865661,,-0.022118711237285024,-0.145163900691897,,-0.07060391761396519,-0.7332886006983701
2016-03-31,1.15296998816791,-1.5656822697883517,-0.5734142649292678,0.16549011198237035,1.2698333990027333,-0.42440909851052944,,-0.10674858772618266,0.008467962947515529,,-0.07060391761396519,0.868694981338101
2016-04-30,0.335985279956764,-1.226562577935055,-0.17032956996100812,-0.5659890414782155,-0.5032019647608482,0.724842792764975,,0.03674543062763585,-0.14601736532606419,,-0.07060391761396519,0.4313388769824418
2016-05-31,0.5347849673012033,-0.287870234604686,0.05001343319383524,0.38129274115785033,-0.6936912081775864,0.00582440607228572,,0.04145364898500921,-2.1033215074864478,,-0.07060391761396519,0.11809277838498468
2016-06-30,0.129642961696219,0.12156162094376954,0.280025025316372,0.036114179846864436,-0.5685489248136868,0.431386682299093,,-0.0863766483266467,-0.8186582048297883,,-0.07060391761396519,-1.0125454960254878
2016-07-31,-0.875235851673564,-0.7751882879332382,0.0608848916970036,0.12108394578550576,-0.8889093313569141,0.0747139277732159,,-0.200414563156167,-0.6636695237086937,,-0.07060391761396519,-0.6389770057572262
2016-08-31,-0.875859854988308,-1.991376838452032,0.21065239010986112,-0.007209210280334048,-0.25133308775408825,-0.06709076332348743,,0.18537138438721315,-0.038338425803144324,,-0.07060391761396519,-0.009532489102685844
2016-09-30,-0.27205876857349565,-0.41118507301655505,0.046761758234596704,-0.6481478991354513,-3.173716491585398,-0.4909297739904553,,0.10615595841169181,1.7152568129993397,,-0.07060391761396519,0.28947742498183543
2016-10-31,0.129642961696219,-0.735153185312707,-3.1428998410028557,0.20763402018398122,-0.7139843304321625,-0.7047994070267817,,-0.015072219138397508,-0.04375561134062513,,-0.07060391761396519,0.5024322307495874
2016-11-30,-1.4791934240036897,1.2436662858661958,2.748771140031418,-2.138989855418956,-0.45029301874815186,0.6413480299768229,,0.022356535959800975,-0.04444839290554968,,-0.07060391761396519,1.6052236275451262
2016-12-31,-0.8767995020051648,0.03179097657570554,-2.159053539866959,0.1732525636031811,-0.25133308775408825,0.07334004832600888,,0.0418124724391541,-0.5041953633003793,,-0.07060391761396519,1.7396667514120139
2017-01-31,1.7377109461300742,0.6907641454678625,1.2992076690175247,0.039967532767746936,-0.1849675352280564,-0.20830487451294358,,0.2897524405962068,-0.04479361344740915,,-0.07060391761396519,-0.01731360225474648
2017-02-28,-0.07338035941620975,-0.6281475153796231,0.07811288212507467,-0.445907616974699,1.4583478455129693,0.07256094657625375,,0.13926326950144444,0.10702231902046895,-0.4597825055047531,-0.07060391761396519,-0.07890409545972563
2017-03-31,-0.07399668865708048,-1.214386829404246,0.1559818492234402,0.7436340555877983,-0.447065548898187,-0.3486406668311891,,0.021580569935501864,-0.09721009305135646,1.3983446200325746,-0.07060391761396519,0.10903646429966574
2017-04-30,0.5223910791289585,1.0209786825171974,-2.2602481235650234,0.03848262586869523,0.009555428747258222,-0.7715958037774246,,0.053038048678278944,-0.6556135337289521,0.24843715082381407,-0.07060391761396519,-1.0667099032856546
2017-05-31,-0.27468232181555846,1.4528840097381637,1.3882962657005682,-0.1359234600429094,-0.25133308775408825,-0.7747383077833838,,0.12079449346229039,-1.3713265342444094,0.8095421786794122,-0.07060391761396519,-0.019377065498830528
2017-06-30,-0.6720734349540362,0.14782434540465017,0.4586844253237347,-0.4861045480106868,-0.18622098252179917,-0.27933176064011467,,0.2244309629725408,-0.2998055772580231,-1.569437935380303,-0.07060391761396519,-0.02214239594718344
2017-07-31,-0.47337787838479733,0.8376027904106397,0.301858218571674,0.4755004649853327,-0.642666160270599,-1.2797140028828589,,0.14480446069945235,-0.7611320171334399,-3.1818655657610386,1.117895362221115,2.380570270714925
2017-08-31,-0.27468232181555846,-1.5177782183524957,-0.027852303492261477,-0.3100506074497804,-0.12071237452505774,0.07851150146521424,,-0.012650286224960406,0.5190441027327377,-0.4691092289613175,0.5236457223035754,-0.10253055208086108
2017-09-30,0.12179652974120178,-1.4557927431297197,-0.10639035278142367,-0.530384103350996,-0.5782168825157578,-0.3516117854994359,,-0.09357540600046466,1.7247209696944847,-1.7651730842962492,1.4574665850311384,0.9968957009238343
2017-10-31,-0.2752897213598833,-1.5976323627489535,-1.7252023946015795,-0.004458354825284697,-0.6450604548925702,0.14958386254621608,,0.0660953183753002,-0.2505552498696714,1.7209614930574118,0.18407449949355195,0.04667416908414879
2017-11-30,0.3174643548123959,0.9891634834827601,2.625599206682836,-0.9330901019074026,0.27328066194197886,0.00582440607228572,,0.322715910738539,0.0500504250573557,0.8505845283445527,-0.07060391761396519,-0.7268210195092756
2017-12-31,-1.462308268606938,0.6766700542639176,-1.4901396834645462,0.04126740160410545,-1.5019780316511109,0.9966375761910572,,0.2838411283653096,0.04887085159003689,-0.012887665671380699,-0.07060391761396519,0.019159789535029784
2018-01-31,1.3039891375679233,1.3263247333687966,-0.05492408699537673,-0.35990822132089556,0.7373613769439135,-0.7027270738142495,,-0.3869869476399506,0.891077959901102,-1.8567966422107167,0.7820151309633758,1.6734199684616156
2018-02-28,1.0963367804410329,-1.2399705764379776,0.8430973454604483,-0.2266232610544729,0.6624003698044207,-1.7061834778923646,,-0.1693091925057456,-0.005244878088517653,0.8338431926793266,0.8595259535613147,0.7666681144460469
2018-03-31,0.30792894033622525,-0.9434546325182906,0.13846345531942844,-0.04755294674009175,0.26694301553785954,0.7215558581587868,,0.2272837732390536,-0.35100397475591977,1.802997390567998,-0.07060391761396519,-0.7456516030385499
2018-04-30,0.30558090728864007,-0.14924455777139994,-1.2148032243867053,0.663580738300623,-1.2253947572014259,-0.20830487451294358,,-0.23253421144409966,-0.20309025976861275,-1.0673778701976024,-0.07060391761396519,0.3878046747811992
2018-05-31,-0.27900341044440086,1.1565655688845484,0.8896040918502762,-0.22498642345101574,1.1739486663686203,-0.6364134339075131,,-0.0783909282535988,-0.9931288589750868,0.7187947655893515,-0.07060391761396519,0.7688540423242686
2018-06-30,-0.08506568463189099,0.9179312432673689,0.3684581562109454,0.21663961783527647,-0.5734177787931171,0.7878215555893074,,0.20307151879427196,-0.6483952919083584,1.3014703011737478,-0.07060391761396519,-0.9234755191080004
2018-07-31,0.8811518081541071,1.030560553199967,0.24779388924288218,-0.09234815016018129,-0.5744960690230886,-0.20830487451294358,,0.382455781933721,-1.1472425196960656,-0.013874918129395246,1.1449067094900942,-0.08831938722436153
2018-08-31,-0.6664492771455034,-1.294874123300931,0.1452159731113389,0.17110888518437575,-0.770654810281292,1.2677969431849732,,-0.48191523619970633,-0.45086247571888266,-0.47952033202601113,0.49663437503459634,0.6642718784155337
2018-09-30,-1.440898004588683,-1.469689425880386,-0.45131890279155235,-0.709077670214939,0.9132363070811444,-2.039045297879665,,0.4201892492807222,1.9273873322443986,-0.04575267381228617,-0.07060391761396519,0.37482078991416
2018-10-31,0.3009269270184722,-1.3723855824880253,-3.276455574525343,-0.22541899876397012,-1.8726122540808703,-0.42168413955180917,,-0.027448687137946196,0.13928628954147015,-0.16128990687209135,0.3944610179736755,0.8182415273078663
2018-11-30,-1.635704224592696,1.0253306020330824,3.94887008370345,-0.18124322137671747,0.40044989060537595,-0.06600221691166486,,0.1913990246141864,-0.1553818648207847,0.9595031548867984,1.2470800665510149,-0.4299627958783789
2018-12-31,-0.6676066929073214,1.4587186310069329,-1.6765403426862564,-1.125220068003181,0.8466966642735587,0.7822681491678225,,0.007494820403208475,0.03939785257787222,1.149521866654984,-0.07060391761396519,-1.9829657915543697
2019-01-31,-0.08506568463189099,-0.12019275567950867,0.791494973558204,2.084981875398976,1.3410602052815028,-0.06758007086498999,,0.03260973924077655,0.7168564042961245,-0.6812660625523981,-0.07060391761396519,-0.5642854303471613
2019-02-28,1.2668636960751993,0.12458399566424554,0.4352318267525568,-1.1035180618138065,-0.5677171544937375,-0.20830487451294358,,0.13506818499468065,-0.15774545898970038,-0.5068138449666079,-0.07060391761396519,-0.22912738000654628
2019-03-31,1.2552577007708945,0.5330876373604205,0.566274169859148,0.0406142903123494,0.7574671307458412,-0.06777484574199366,,-0.3229382977605085,-0.4959221014087842,0.8029352750941373,-0.07060391761396519,-1.0886579245563985
2019-04-30,0.672674132490582,-0.3839618243060336,-2.227446240992665,0.3485276132876845,-0.8805966743918003,-1.1961243508064743,,0.5771703122842847,-0.10955950897634924,0.026290357834565133,-0.07060391761396519,0.10708412955248647
2019-05-31,0.6676291329875071,-0.435837772026243,1.4661509990885055,-0.4005856403172229,0.6284918137329063,-0.20830487451294358,,-0.051000681173822296,-0.6891464125698475,0.38670330000870046,-0.07060391761396519,-0.3069911844880853
2019-06-30,-1.0432535367125297,1.081842636919133,0.6419652430387097,0.21588933999685375,0.18559028765418473,-0.49231325431908635,,-0.06446771106629791,0.3725599627056379,-0.887026473414929,-0.07060391761396519,-1.1294498407296896
2019-07-31,0.8543882054484944,-1.248599354255142,-0.07566944012725446,0.4320296105109796,-2.0744625513564308,-0.1372282670753575,,-0.16653516602416676,-0.9778699401831247,-0.9728639358328928,-0.07060391761396519,0.3653495331285457
2019-08-31,-0.8520460843044034,-0.3660726663616983,-0.11186363973867011,1.3241614215624387,-0.8242053469059198,0.4997379500408306,,0.22776715893709276,-0.49607673575428735,0.8796394182698831,-0.07060391761396519,-1.7756450173691347
2019-09-30,-1.6127130792247124,-0.493555047340808,0.551528573644274,-0.9894860305596105,0.5750618183692193,-0.6325377879885609,,-0.07864358872905877,2.1419367563707232,-0.20959980164002764,-0.07060391761396519,0.9558509545381207
2019-10-31,0.2867351028691716,0.4498588048816858,-3.50390529216285,-0.26492171748223087,0.6307890386192267,0.3569460193790218,,-0.19955463954150193,-0.16111938669839776,-0.28033529236193394,-0.07060391761396519,0.5326935052107391
2019-11-30,-0.8531557351211327,0.7311961621231694,2.268582752538665,0.16630735202031877,-1.5775577696921634,0.7035686706092269,,-0.3288468436901279,-0.35100397475591977,0.2282935713776504,-0.07060391761396519,0.3269943998098613
2019-12-31,-0.47337787838479733,2.313770216642697,-1.0700528713680704,-0.5241263807068501,-0.25133308775408825,0.41822873250507236,,0.3909393284891944,-0.4459131185396611,-0.36407043215089147,-0.07060391761396519,0.6451318412408523
2020-01-31,0.28562219793747884,-1.4392321003475728,1.1633548996191514,-0.22255269132079103,3.368136922053993,-0.6255640764666403,,-0.0249003374636021,1.112694007335253,-0.4577769518718934,-0.07060391761396519,-0.6103420089645127
2020-02-29,0.6609711568282821,-1.7920256251873647,0.11983469845852475,0.4696346215470962,-3.3634237830308953,-0.5573355708491585,0.8216451056218955,-0.14080457395010212,0.30489075055972453,0.9957597646491521,-0.07060391761396519,-1.1033866012539448
2020-03-31,-1.986949133183835,-1.500665667498887,0.27569111482447534,-0.8720333791570645,2.615449489868647,0.7659733441933309,1.2123027012793246,-6.967767302659688,3.291957769372207,3.2771719324841277,-5.742986844099577,-2.710734924360224
2020-04-30,-2.1867774834716784,1.8696938925703472,-1.7902152817281258,1.3711326821854877,-0.9910201735038303,-0.8335523968830184,-1.7861308195204686,-12.997517782029847,5.264551761888464,0.48518254945301237,-5.094714509644079,-0.897705272977378
2020-05-31,0.2895316962347038,-0.43556732657936587,1.2089433632889448,0.24635346665666497,1.5873642643340127,-1.6116849163052245,-0.8167595417952673,2.094188556561758,-1.0952579119247245,-0.44556184125549386,-0.07060391761396519,-0.5751768818416096
2020-06-30,1.613118386220586,0.2690992997470383,-0.5577009793986475,0.41178306935624,-1.5962764612565699,-1.631354512254371,1.457263944354365,6.824465416990262,-3.3694431064805697,-2.0754575018145522,-0.07060391761396519,0.09817713186073722
2020-07-31,-0.47337787838479733,0.9288947700015492,0.09983756214602747,-1.1053258366053957,-0.18979104400753488,-2.3078128059085654,-0.6451577162148847,2.5505052495452403,-1.840344118582091,-0.27985573407366743,-0.07060391761396519,-0.2217992543184076
2020-08-31,-0.851493687017282,-0.4011174418480802,-0.18119788953794033,0.7531043185226105,-1.8017790821759612,3.455466805813565,-0.4364291451567547,1.3136210748291868,-0.7145264986806615,-1.415950664909975,-0.07060391761396519,0.31070660346905155
2020-09-30,-0.6626428308260478,-0.7896173277337939,0.6019889840086481,-1.8398972455127949,0.7438168843356091,-0.4909297739904553,0.04065792780685803,2.457044354566087,0.46555909815846175,0.009104271847390799,-0.07060391761396519,0.01529951991152922
2020-10-31,0.6601443691809311,0.8598214348338148,-1.3657524674896253,0.25307378154449567,-1.5595832122202793,1.8231219484528702,0.17146713216321244,0.2317439833900299,0.5505732213286244,-0.08988731748882213,-0.07060391761396519,0.28872683528871074
2020-11-30,-0.09663603756485976,-0.4498915729690821,1.9288798420426905,-0.6113069801391632,-0.5654521164861974,0.27600984757243674,0.018562141774284814,0.0702267660354425,-0.8912325383301708,-0.7729142082948823,-0.07060391761396519,0.5332564474805838
2020-12-31,-1.0386961850357046,0.00019883487299686035,-0.708608659845177,-1.056823830519199,-1.1998702879897871,-2.3004035396702736,-0.21359268728550032,-0.47868013418056415,-0.08062136734680023,-1.3783161961959836,-0.07060391761396519,0.28363533520367995
2021-01-31,1.0314062659241001,-0.09491516456882022,0.9831369227336159,0.3042789150533131,2.195739134075766,-0.5612177413909526,-0.004994120120548624,-1.3311778135318142,2.1027636503593,-0.46328231102067824,-0.07060391761396519,0.46913106803128024
2021-02-28,0.836179859244242,0.7737319810294729,0.1232751126095875,0.4320296105109796,-0.06564141327901529,0.4260577348272821,-1.1492559082766753,1.3113047599444403,-0.8382274225402004,-0.1567101262220441,-0.07060391761396519,1.7373129284708548
2021-03-31,0.8295967763938384,-0.7027593212121673,0.25898337094121543,0.8987974760786955,3.7460346132743316,0.42211892814702356,3.401157645433621,1.2993444663041673,-1.0182260383234585,-0.6873777635116506,-0.07060391761396519,2.333035442625292
2021-04-30,0.8230795483053963,-0.09477803910957303,-1.689084277840431,0.2057554531313678,-3.325563128249631,-0.20830487451294358,-0.7633046406964353,-1.3108015489264564,0.759220575741246,-0.44008412623846893,-0.07060391761396519,0.1519563394675599
2021-05-31,0.8166271917142217,0.5145080109563211,1.5077793751469224,-0.5615329368249816,1.0264054167629024,-0.20830487451294358,-1.3354624164144377,-0.429840186601924,-1.193946637827716,-2.0438758656568146,-0.07060391761396519,0.08341553456261436
2021-06-30,0.26089553292667095,0.0909756437777592,0.17718570951173093,1.0521442550754632,1.5451584482244496,0.34880450444758476,0.33288776407936593,1.475580761813865,-1.4232987973409181,0.4885903617430905,-0.07060391761396519,-0.533894448719741
2021-07-31,1.1711712180911362,-0.7716926584120233,0.0962188570738926,-0.42895415191417,-1.085536855404416,0.34576432899548526,-0.6153563011323743,0.5862127368575023,-0.1269107264793635,1.6673929736722168,-0.07060391761396519,-0.9648830505120546
2021-08-31,0.07249457507753428,0.07016253475705124,-0.005392751308664576,0.20229581983353773,-0.7914390856758777,0.06759999520644826,0.2683869646324397,0.25039143878451053,0.05143542007033557,0.3771384829510659,-0.07060391761396519,-0.3057402016662098
2021-09-30,0.07134738168557168,-0.5684320983249643,0.4151010946732365,0.3674636429064202,-0.49235366827034543,2.039748499961325,0.5443082847899563,0.8528713886946913,1.5554892729841365,0.3411858586762114,-0.07060391761396519,0.4491778920223765
2021-10-31,1.3341492572801459,0.09545133274182334,-2.1705607270304377,0.6107130330396189,-1.0388322784961468,-1.0200314864071487,-0.10655234389343697,0.08323041423746899,-0.35100397475591977,-1.279786119604455,-0.07060391761396519,1.9686466471279829
2021-11-30,0.06643142644546533,0.3065008524056054,2.0710865018070144,-1.0457338769038744,-0.49493874978133284,-1.5069598470802867,-0.24434370748641687,0.7268435960435676,-0.04315930153819389,0.6948171231958812,-0.07060391761396519,0.5510078937229879
2021-12-31,-0.8331258068514394,1.3074892134927372,-0.35983834987814955,-0.13418111760396292,2.097999099252064,1.226089328937693,-0.002328182648026797,0.27809280225250677,0.7427858583245261,1.170216187325878,-0.07060391761396519,-1.3240402186723204
2022-01-31,1.8561078536605575,0.7070536037675592,0.4133431376210779,-0.2600024322391066,1.8676745179600873,-1.0254757207873313,-0.003996960167622437,-1.2963326710897292,1.46698185373975,-0.9691312068680932,-0.07060391761396519,1.8241581312014394
2022-02-28,2.188730501859175,0.4303568497928152,-0.016970596759908085,2.530027981998637,0.44479030665677105,1.2848533527723611,1.1898164489573604,1.718902824927997,-0.9543022075755915,0.5121103858783776,-0.07060391761396519,0.734562627940648
2022-03-31,3.208229609039511,-0.11445538661415038,0.05894666917829627,-0.05236007670967218,3.0442572404030854,0.5969836528634017,0.8171635419414874,-0.023879738331228032,-0.48063119857447806,-0.3295844818114106,1.5571233569427756,1.4987713158842082
2022-04-30,1.0885853804751533,0.1878305119102265,-1.473954509565567,0.6618935239810639,1.190247984492072,2.950459674691537,-0.2454287608570106,0.21955274405076036,0.8969120330540359,-0.18088179372355837,2.1218450644420526,3.343172181246573
2022-05-31,3.1350099680723496,0.923924170283305,0.3686637957161823,-0.2502692232534789,1.5478982436517097,-1.5781885014959691,-0.16520898993606598,0.1723078102245647,-0.7370638923212488,1.1645222264200903,1.4574665850311384,1.2784043653303279
2022-06-30,1.2274047387644582,-0.23840365531608104,0.10987358581235739,0.6927126799951752,-0.41352079157229665,0.5115577770025775,0.39592159114041753,-0.20132440899252926,0.29182153933277893,-0.22462275868796866,3.332825838277402,2.332082176539058
2022-07-31,-0.13455646954782582,-0.3447718842655631,0.029199462641189087,-1.9555373486811063,-0.739537686226833,1.8572805069783727,-0.06503440106591213,0.07614453295795479,-0.9508797671324798,0.6514951757624311,4.166318839720187,-1.66064216655418
2022-08-31,-1.3212632954080776,0.5153768077683636,0.4548991741890003,4.321187451007983,0.07441084008921507,-2.469710817336052,-0.2537302449001726,-0.1658019674305983,0.8035392928432747,-0.12912138307981993,2.9855370876762404,-0.9003698663879729
2022-09-30,-0.3035787626814485,-0.6999753436746873,0.30086165696330025,-1.7153350850081586,0.6119812623801367,1.2190185991781048,0.3701107563771036,-0.046613173473322424,1.5936926685460366,2.0166018322046817,4.0042507561063125,1.6935930540823658
2022-10-31,1.3871075968369062,-1.0376154154824397,-0.6918901954614853,2.6713751431401547,-1.2773819957009602,0.49790235154700113,-0.4011095075394397,0.35578119030693156,0.2353810381467831,1.8785012478434517,1.7121450021386555,1.396472124058872
2022-11-30,-0.13653788185478535,0.9376155094707506,1.2434352118973475,-0.8994317126918387,-0.25133308775408825,-0.08042963144082926,0.5796922534556522,0.09878685544436017,0.4407804902400069,-1.2672967823413355,2.9855370876762404,-1.200330527417121
2022-12-31,-1.9926170488165944,1.274665507980775,-0.03831745286338909,-0.12931979377134492,0.6134314178476548,0.7456601411622704,-1.315653949425081,0.2859388634946956,-0.5173126718837517,0.6926010704078057,2.645965864866222,-1.2603276635542326
2023-01-31,0.8774960111342202,0.7105771577896023,0.32432930045875796,-0.01842997101692564,1.2965751588138628,-0.7796076423443301,-0.3545636394030932,0.4189772581353502,1.0973454408668541,-0.8709227017078855,1.1178953622211112,0.01584995235315381
2023-02-28,0.5351772495537578,0.30303869709400494,0.4570142674772248,1.508948678928653,0.9066040426879541,-0.08107061027104676,0.9807985562343812,0.12285366683616362,0.22404304605477598,0.12171176228536718,1.3725737793286337,1.4056701398597111
2023-03-31,0.8652866380467351,-1.1460236681860625,-0.3800026584165704,1.1135214456324083,2.6857151851541334,4.390667791868318,0.673235631339007,0.2632513946545352,-0.5150550872082522,1.1299473207144144,-0.07060391761396519,-1.0062693982253093
2023-04-30,1.3560694015262558,0.5502120939365663,-1.44931806717876,1.7017244470541577,-1.3230345741767713,1.1197309736284058,-0.8974571799025287,0.020310091976667714,0.6303465207900016,-0.9992843189156493,-0.07060391761396519,-0.4472277901507117
2023-05-31,0.5190866686294853,0.12680153483153325,1.044252988164362,-0.6723875833022994,1.7295935731918874,-0.2682947903368661,0.7991343814886576,-0.06554552525886162,-0.799910512690752,0.153376078644888,-0.07060391761396519,0.8241869877718291
2023-06-30,-0.14339904215444607,1.1871752086799143,0.18879195249243566,-0.8175122989438763,0.30011770612947847,1.2217600280276222,0.8818927838873346,0.2600110244760049,-0.8834479323670207,-1.1895424502085719,1.3069747931039701,1.7301092426528886
2023-07-31,1.0063502556694577,-2.2704241079946295,-0.04836425561785061,1.7867758117064498,-0.9033870093961422,2.189071178498524,-2.9746664045616464,0.043539969427541785,0.14055670395773062,-0.39399265460360394,1.4381727655532974,0.6960968814040343
2023-08-31,0.5084351927048417,-0.7276187115495846,0.2772089163552585,-1.2463079632431213,-1.1615108433569017,-1.8393910292345008,-0.036147056259540275,0.2340752267285366,0.6674078504437966,1.3449327949582135,0.6085385280060784,1.2062726958210221
2023-09-30,-0.8002358546772037,0.21767556519783302,0.13259357615766246,0.4197714595784081,-0.7607205091379553,1.0754619121831055,0.42049472120343756,0.13837709857863767,1.783125192119726,0.22535829888728107,-0.07060391761396519,0.9740402447681781
2023-10-31,-0.3098973678555444,-0.48454077225973907,-1.5744074103450985,2.170642589301826,-0.5582608259854496,-1.6095866391171458,0.6293982720111251,0.025463753724505468,-0.07162580492447108,0.8775595313952295,-0.07060391761396519,1.4600470710665492
2023-11-30,-0.14672586180429956,0.8517512747054506,0.939926750501477,-5.466971100407697,1.7264713267368343,1.3088820734294389,-1.0385235353746252,-0.019737834029359882,0.40442698357468515,-0.057668837929413075,-0.07060391761396519,-1.990613905480098
2023-12-31,-1.2907810813615646,0.885438490913269,-0.10033518992866894,3.929123680208239,-1.2605288179866718,0.5418707941832928,-0.21049917198509713,-0.08485180482110166,0.32136825530135077,-1.4047323528754372,-0.07060391761396519,-2.7170688479109812
2024-01-31,-0.47337787838479733,0.2804904188996985,0.4427960439314051,-2.169990329191521,-0.352835402413562,-2.0649587502281608,0.4646189702777662,-0.013938590853627735,0.8274836954177237,-0.053783354113882395,-0.07060391761396519,0.6864735314437561
2024-02-29,0.3440253245919541,-1.1777720904008764,-0.30248968131069626,-2.3609774019288543,-0.7094189625431396,0.782268149167845,0.9870269687546678,0.09511276005510237,-0.11652732632608438,0.36017963001196857,-0.07060391761396519,0.9493458438643693
2024-03-31,1.153735693697859,-1.133313949061919,-0.00735295859303021,3.3780541719827397,2.514721279658245,0.542724486935185,0.8476786408525384,0.015380081576381792,-0.39005534453439117,0.17092203793442484,-0.07060391761396519,-0.3084923638743334
2024-04-30,0.8209985485951113,-0.0711496104795018,-1.2274863222065342,-0.22835764969865768,-0.7483923341017314,-0.9013651053094536,-0.6524168752016434,0.16110381559343442,0.11687377847679555,0.6434689907639667,-0.07060391761396519,1.4941989021037343
2024-05-31,0.9751108758210651,0.6475432792403439,0.9552714007175519,-0.36539149107137864,1.0357352114411509,-1.0813363030705985,-0.20646519623984522,0.04328593231935126,-0.31208674450621726,-0.03849584817620198,-0.07060391761396519,-0.2743405328371482
2024-06-30,-0.633921916252986,0.37266131919573936,-0.20520502581849914,0.7227048691602361,0.28807172750493804,-0.677009363302945,0.45906645290384673,-0.125542214751773,-0.4677891011485465,0.15790122164270415,-1.5859404994036954,-1.4084440296642178
2024-07-31,0.6483477585424756,-0.535277325224766,-0.4097670480577416,1.925900954034011,-1.8786752551647048,1.595996442341696,-0.4095396966127652,-0.039088313654559746,-0.03979962039624146,0.0027227735387755836,-0.7255703685665529,0.13206625650532725
2024-08-31,-0.9535231361266859,-0.23413907540469558,0.16419836008044617,-1.7410734587276693,1.2291973519696369,0.0797319983157428,-0.7487151053914233,0.058942599772488606,0.42390460892877707,-0.3181618005764048,-1.4657987243768889,-1.8806024761244298
2024-09-30,-1.5971878680183937,0.27423892374495196,0.12000617600703718,-1.2769249651072987,-0.30031999179797136,-0.7273610269359185,1.757023020450578,0.060225804439161784,1.2620681687447384,-0.5439701835832094,-1.5986744202590697,-0.7187093835274375
2024-10-31,0.6504321112488262,-0.9311703872343279,-0.8136470331567064,2.5131185219970247,0.1398678219309579,0.31075127791002566,-1.9120177287701716,-0.08277746640370577,0.33449668562227725,1.0082387079842428,-1.2554122058967598,1.4347719507685865
2024-11-30,-0.47337787838479733,-0.3001743523133225,0.9773007499918955,-1.4128928732106332,0.041030666326097025,-1.1329139239338784,0.28477809513234,0.06782519783585861,-0.5791203755017512,1.0473972383243666,-2.705971885943929,0.5707859321368289
2024-12-31,-1.4363449582020418,0.7133308244948368,-1.1991596538804117,-0.32677535213987213,-2.7651148217798998,-2.6167777183674317,-0.6859364362841772,0.36332372023440285,0.02897766707924742,1.2468676444820201,-2.339557088208211,-0.6379261801868508
2025-01-31,-0.31263471611578103,1.463081928847891,1.215937933332298,-0.12592036441905013,0.5938887791026775,1.0911453525870667,0.17243347151354924,0.1466678957728914,0.2547663081558103,0.6809391765526707,-1.5221702317208419,0.7730698544339897
2025-02-28,2.2441134298612004,0.37353041954039096,-0.2253292664938456,-2.8122425578743524,0.19315899012124668,0.6682438465688363,0.16741708567125957,-0.13779857942899243,0.2144647855603333,-0.43794627491834104,-1.6983311921707054,-1.3044261248493447
2025-03-31,0.3204920863104122,-0.8484296025788709,0.44628710593780097,2.5267051323336043,2.1334143251506474,0.776054020570648,0.9060898396275063,-0.24281797922569986,-0.6900029276556893,0.2500765304609753,-1.1742103917465392,-0.226651750843259
2025-04-30,-0.6319574739410209,-0.24860856613652096,-0.7548260944889613,-1.1797801608127425,1.6055029592305328,0.42358526987884376,-1.3445931481253288,-0.11764240120976797,-0.04962985756023286,-1.7836636576884939,-0.7497463632340119,0.6052254892230423
2025-05-31,0.9503578145836508,0.26324768062939136,0.3499761546395543,1.895994867653966,1.19954972382776,0.24879406106658944,1.1773538610604344,-0.08952945578798606,-0.3133791390518275,-0.6420133298263638,-0.07060391761396519,0.6905425176749069
2025-06-30,-0.31566668346644133,-0.16914793325604943,0.39227732921161157,-0.4242818917642971,0.8571425459113128,0.586699754386229,1.7720482321029203,0.22071896997536133,-0.8409408759356047,-0.933910786995546,-0.07060391761396519,0.563943056101173
2025-07-31,0.31374189094982907,0.046413248486409896,-0.149725306158512,1.5151156665897199,-0.43519731924285765,-0.32149655800681914,-2.261504878584542,-0.2488740896274491,0.21415137534045023,0.06365268714645421,-0.07060391761396519,1.0096682355351725
2025-08-31,-0.6306107257004856,-1.8391762169376917,0.12435028918137504,-0.15703754123038305,0.29921227734146205,-0.9471427748450539,-0.9680755805947857,-0.45742673149445773,0.2118118266957615,0.5221564344048522,-0.07060391761396519,-0.2966705762076116
2025-09-30,-0.3161450310691157,0.15514263219770486,0.08288662727508923,-1.137978347480228,0.5686418581157439,-0.09428697417820649,0.2484647979556178,0.15220336062011186,1.3975480014624728,0.13020297734430517,-0.7999102938763994,-1.106068971788852
2025-10-31,0.15460144963301672,-0.7129301726587052,-1.7381080175665522,0.40029425761143,-2.314480328877589,-0.26529781992085893,0.02065399154943306,0.2591793435948441,0.6800967427191034,0.7476304601524172,-1.2861145447180278,-0.5183947715567117
2025-11-30,-0.3166204857316775,1.3605744965754507,0.8808043879357139,0.7833201315033321,2.8943902742143206,0.3034835886626839,,0.145240061924269,-0.5712967741524432,0.2822652257632569,-1.69128475375271,0.30430486348111196
2025-12-31,-1.100977073265923,0.7392648116778918,-0.7375855828191403,-1.3288507279251651,-1.4246743232759624,-0.6061394204763164,,-0.07722953767405372,-0.1307111753594034,-1.2445541912272744,-0.07060391761396519,1.271683295516801
2026-01-31,,,,,,,,-0.26092395171234933,0.05194142930024738,-0.140354387003803,-0.07060391761396519,0.12359710280123443
2026-02-28,,,,,,,,,,-0.5824450962180906,-0.07060391761396519,0.16900777923528648
